Activity Date,Process Date,Settle Date,Instrument,Description,Trans Code,Quantity,Price,Amount,Suppressed
9/22/2023,9/22/2023,9/26/2023,SPYG,SPDR Portfolio S&P 500 Growth ETF,Buy,9,$4.00 ,$5.00 ,N
9/21/2023,9/21/2023,9/21/2023,SPYG,Cash Div: R/D 2023-09-19 P/D 2023-09-21 - 340.671639 shares at 0.179402,CDIV,1,($10.00),($10.00),N
9/19/2023,9/19/2023,9/21/2023,SPYG,SPDR Portfolio S&P 500 Growth ETF,Buy,-6,$9.00 ,($4.00),N
9/18/2023,9/18/2023,9/20/2023,NEE,NextEra Energy,Buy,3,($10.00),($10.00),N
9/15/2023,9/15/2023,9/15/2023,NEE,Cash Div: R/D 2023-08-30 P/D 2023-09-15 - 31.158977 shares at 0.4675,CDIV,-10,$4.00 ,($6.00),N
9/15/2023,9/15/2023,9/19/2023,SPYG,SPDR Portfolio S&P 500 Growth ETF,Buy,-1,($10.00),$0.00 ,N
9/15/2023,9/15/2023,9/19/2023,HD,Home Depot,Buy,-10,$4.00 ,($8.00),N
9/15/2023,9/15/2023,9/19/2023,MSFT,Microsoft,Buy,2,$2.00 ,($1.00),N
9/14/2023,9/14/2023,9/14/2023,HD,Cash Div: R/D 2023-08-31 P/D 2023-09-14 - 3.428374 shares at 2.09,CDIV,7,($2.00),($10.00),N
9/14/2023,9/14/2023,9/14/2023,MSFT,Cash Div: R/D 2023-08-17 P/D 2023-09-14 - 14.842969 shares at 0.68,CDIV,-2,$9.00 ,($8.00),N
9/13/2023,9/13/2023,9/15/2023,ABNB,Airbnb,Sell,-6,$8.00 ,$7.00 ,N
9/5/2023,9/5/2023,9/7/2023,SPYG,SPDR Portfolio S&P 500 Growth ETF,Buy,-7,$9.00 ,$5.00 ,N
9/5/2023,9/5/2023,9/6/2023,,ACH Deposit,ACH,5,($6.00),($5.00),N
9/1/2023,9/1/2023,9/6/2023,LOW,Lowe's,Buy,5,($2.00),($10.00),N
9/1/2023,9/1/2023,9/6/2023,HD,Home Depot,Buy,-7,$8.00 ,$5.00 ,N
9/1/2023,9/1/2023,9/5/2023,,ACH Deposit,ACH,-8,$5.00 ,($2.00),N
8/22/2023,8/22/2023,8/24/2023,SPYG,SPDR Portfolio S&P 500 Growth ETF,Buy,2,($6.00),($3.00),N
8/22/2023,8/22/2023,8/23/2023,,ACH Deposit,ACH,9,($1.00),$2.00 ,N
8/8/2023,8/8/2023,8/10/2023,SPYG,SPDR Portfolio S&P 500 Growth ETF,Buy,8,$5.00 ,$2.00 ,N
8/8/2023,8/8/2023,8/9/2023,,ACH Deposit,ACH,7,$10.00 ,$8.00 ,N
8/1/2023,8/1/2023,8/3/2023,LOW,Lowe's,Buy,-7,($9.00),($3.00),N
8/1/2023,8/1/2023,8/3/2023,HD,Home Depot,Buy,2,$5.00 ,$0.00 ,N
8/1/2023,8/1/2023,8/2/2023,,ACH Deposit,ACH,6,($5.00),($2.00),N
7/25/2023,7/25/2023,7/27/2023,SPYG,SPDR Portfolio S&P 500 Growth ETF,Buy,5,($9.00),$7.00 ,N
7/25/2023,7/25/2023,7/26/2023,,ACH Deposit,ACH,10,($9.00),($7.00),N
7/11/2023,7/11/2023,7/13/2023,SPYG,SPDR Portfolio S&P 500 Growth ETF,Buy,-1,($9.00),$1.00 ,N
7/11/2023,7/11/2023,7/12/2023,,ACH Deposit,ACH,1,$3.00 ,$7.00 ,N
6/30/2023,6/30/2023,6/30/2023,,Interest Payment,INT,2,$3.00 ,$4.00 ,N
6/29/2023,6/29/2023,7/3/2023,NOBL,ProShares S&P 500 Dividend Aristocrats ETF,Buy,-1,($6.00),($6.00),N
6/28/2023,6/28/2023,6/28/2023,NOBL,Cash Div: R/D 2023-06-22 P/D 2023-06-28 - 23.931166 shares at 0.462991,CDIV,3,($8.00),($10.00),N
6/28/2023,6/28/2023,6/30/2023,SPYG,SPDR Portfolio S&P 500 Growth ETF,Buy,5,($7.00),($2.00),N
6/28/2023,6/28/2023,6/30/2023,TSLA,Tesla,Sell,9,$0.00 ,($9.00),N
6/28/2023,6/28/2023,6/30/2023,NOBL,ProShares S&P 500 Dividend Aristocrats ETF,Buy,8,$9.00 ,$8.00 ,N
6/28/2023,6/28/2023,6/30/2023,BRLT,Brilliant Earth Group,Sell,9,($8.00),($10.00),N
6/27/2023,6/27/2023,6/29/2023,SPYG,SPDR Portfolio S&P 500 Growth ETF,Buy,-7,($6.00),($8.00),N
6/27/2023,6/27/2023,6/28/2023,,ACH Deposit,ACH,0,$8.00 ,($9.00),N
6/26/2023,6/26/2023,6/28/2023,SPYG,SPDR Portfolio S&P 500 Growth ETF,Buy,-3,($9.00),$6.00 ,N
6/23/2023,6/23/2023,6/23/2023,SPYG,Cash Div: R/D 2023-06-21 P/D 2023-06-23 - 305.56349 shares at 0.186154,CDIV,-2,($7.00),$5.00 ,N
6/23/2023,6/23/2023,6/27/2023,HD,Home Depot,Buy,10,$4.00 ,($9.00),N
6/23/2023,6/23/2023,6/27/2023,COIN,Coinbase,Sell,-3,$0.00 ,$7.00 ,N
6/16/2023,6/16/2023,6/21/2023,NEE,NextEra Energy,Buy,-8,($3.00),$7.00 ,N
6/16/2023,6/16/2023,6/21/2023,HD,Home Depot,Buy,-1,$2.00 ,($5.00),N
6/15/2023,6/15/2023,6/15/2023,HD,Cash Div: R/D 2023-06-01 P/D 2023-06-15 - 1.936925 shares at 2.09,CDIV,0,$8.00 ,$6.00 ,N
6/15/2023,6/15/2023,6/15/2023,NEE,Cash Div: R/D 2023-05-30 P/D 2023-06-15 - 30.968225 shares at 0.4675,CDIV,1,$0.00 ,($7.00),N
6/13/2023,6/13/2023,6/15/2023,SPYG,SPDR Portfolio S&P 500 Growth ETF,Buy,8,($10.00),$1.00 ,N
6/13/2023,6/13/2023,6/14/2023,,ACH Deposit,ACH,1,$7.00 ,($7.00),N
6/9/2023,6/9/2023,6/13/2023,MSFT,Microsoft,Buy,-2,($9.00),($8.00),N
6/8/2023,6/8/2023,6/8/2023,MSFT,Cash Div: R/D 2023-05-18 P/D 2023-06-08 - 14.812367 shares at 0.68,CDIV,9,($7.00),($9.00),N
5/30/2023,5/30/2023,6/1/2023,SPYG,SPDR Portfolio S&P 500 Growth ETF,Buy,-2,($1.00),($9.00),N
5/30/2023,5/30/2023,5/31/2023,,ACH Deposit,ACH,5,($5.00),$4.00 ,N
5/16/2023,5/16/2023,5/18/2023,SPYG,SPDR Portfolio S&P 500 Growth ETF,Buy,1,$2.00 ,$6.00 ,N
5/16/2023,5/16/2023,5/16/2023,,ACH Deposit,ACH,5,$2.00 ,($2.00),N
5/9/2023,5/9/2023,5/9/2023,BABA,ADR Fee: R/D 2023-03-31 P/D 2023-05-09 - 35.996901 shares at 0.02,AFEE,-10,$1.00 ,$10.00 ,N
5/2/2023,5/2/2023,5/4/2023,SPYG,SPDR Portfolio S&P 500 Growth ETF,Buy,4,$4.00 ,($6.00),N
5/2/2023,5/2/2023,5/2/2023,,ACH Deposit,ACH,5,$7.00 ,$5.00 ,N
4/18/2023,4/18/2023,4/20/2023,SPYG,SPDR Portfolio S&P 500 Growth ETF,Buy,-1,($3.00),($9.00),N
4/18/2023,4/18/2023,4/18/2023,,ACH Deposit,ACH,9,$1.00 ,$7.00 ,N
4/4/2023,4/4/2023,4/6/2023,SPYG,SPDR Portfolio S&P 500 Growth ETF,Buy,-4,$5.00 ,($5.00),N
4/4/2023,4/4/2023,4/4/2023,,ACH Deposit,ACH,-6,($4.00),$4.00 ,N
3/31/2023,3/31/2023,3/31/2023,,Interest Payment,INT,-2,$6.00 ,($5.00),N
3/30/2023,3/30/2023,4/3/2023,NOBL,ProShares S&P 500 Dividend Aristocrats ETF,Buy,-1,$5.00 ,($8.00),N
3/29/2023,3/29/2023,3/29/2023,NOBL,Cash Div: R/D 2023-03-23 P/D 2023-03-29 - 23.837357 shares at 0.353893,CDIV,-4,$4.00 ,($10.00),N
3/24/2023,3/24/2023,3/28/2023,HD,Home Depot,Buy,-4,($7.00),$3.00 ,N
3/24/2023,3/24/2023,3/28/2023,SPYG,SPDR Portfolio S&P 500 Growth ETF,Buy,-9,$8.00 ,$3.00 ,N
3/23/2023,3/23/2023,3/23/2023,HD,Cash Div: R/D 2023-03-09 P/D 2023-03-23 - 1.922798 shares at 2.09,CDIV,5,$2.00 ,($8.00),N
3/23/2023,3/23/2023,3/23/2023,SPYG,Cash Div: R/D 2023-03-21 P/D 2023-03-23 - 301.446079 shares at 0.178967,CDIV,2,($9.00),$9.00 ,N
3/21/2023,3/21/2023,3/23/2023,SPYG,SPDR Portfolio S&P 500 Growth ETF,Buy,-7,$3.00 ,$3.00 ,N
3/21/2023,3/21/2023,3/21/2023,,ACH Deposit,ACH,-10,$4.00 ,$2.00 ,N
3/16/2023,3/16/2023,3/20/2023,NEE,NextEra Energy,Buy,-4,($2.00),$6.00 ,N
3/15/2023,3/15/2023,3/15/2023,NEE,Cash Div: R/D 2023-02-28 P/D 2023-03-15 - 30.777301 shares at 0.4675,CDIV,-10,($7.00),($4.00),N
3/10/2023,3/10/2023,3/14/2023,MSFT,Microsoft,Buy,9,$1.00 ,($2.00),N
3/9/2023,3/9/2023,3/9/2023,MSFT,Cash Div: R/D 2023-02-16 P/D 2023-03-09 - 14.772135 shares at 0.68,CDIV,-8,$2.00 ,($1.00),N
3/7/2023,3/7/2023,3/9/2023,SPYG,SPDR Portfolio S&P 500 Growth ETF,Buy,-1,$5.00 ,($1.00),N
3/7/2023,3/7/2023,3/7/2023,,ACH Deposit,ACH,-8,$10.00 ,$10.00 ,N
2/21/2023,2/21/2023,2/23/2023,SPYG,SPDR Portfolio S&P 500 Growth ETF,Buy,8,($4.00),($6.00),N
2/21/2023,2/21/2023,2/21/2023,,ACH Deposit,ACH,2,$3.00 ,($2.00),N
2/7/2023,2/7/2023,2/9/2023,SPYG,SPDR Portfolio S&P 500 Growth ETF,Buy,-4,$10.00 ,$5.00 ,N
2/7/2023,2/7/2023,2/7/2023,,ACH Deposit,ACH,8,$10.00 ,$1.00 ,N
1/31/2023,1/31/2023,1/31/2023,,Interest Payment,INT,-9,$2.00 ,$1.00 ,N
1/24/2023,1/24/2023,1/26/2023,SPYG,SPDR Portfolio S&P 500 Growth ETF,Buy,-10,$4.00 ,($10.00),N
1/24/2023,1/24/2023,1/24/2023,,ACH Deposit,ACH,0,($6.00),($8.00),N
1/10/2023,1/10/2023,1/12/2023,SPYG,SPDR Portfolio S&P 500 Growth ETF,Buy,-8,($2.00),($1.00),N
1/10/2023,1/10/2023,1/10/2023,,ACH Deposit,ACH,9,$5.00 ,($10.00),N
1/6/2023,1/6/2023,1/6/2023,ESPO,Stock Lending,SLIP,3,($8.00),($1.00),N
1/6/2023,1/6/2023,1/6/2023,NOBL,Stock Lending,SLIP,-1,$9.00 ,$8.00 ,N
1/6/2023,1/6/2023,1/6/2023,COIN,Stock Lending,SLIP,0,($2.00),($9.00),N
1/6/2023,1/6/2023,1/6/2023,ARKG,Stock Lending,SLIP,8,$1.00 ,($8.00),N
1/6/2023,1/6/2023,1/6/2023,ARKK,Stock Lending,SLIP,-3,($2.00),($7.00),N
1/3/2023,1/3/2023,1/5/2023,NOBL,ProShares S&P 500 Dividend Aristocrats ETF,Buy,3,($5.00),$9.00 ,N
12/30/2022,12/30/2022,12/30/2022,NOBL,Cash Div: R/D 2022-12-23 P/D 2022-12-30 - 23.678988 shares at 0.60037,CDIV,-4,$9.00 ,$2.00 ,N
12/30/2022,12/30/2022,12/30/2022,,Interest Payment,INT,9,$5.00 ,$7.00 ,N
12/27/2022,12/27/2022,12/29/2022,SPYG,SPDR Portfolio S&P 500 Growth ETF,Buy,-10,($6.00),($8.00),N
12/27/2022,12/27/2022,12/29/2022,ESPO,VanEck Video Gaming and eSports ETF,Buy,7,($4.00),($9.00),N
12/27/2022,12/27/2022,12/27/2022,,ACH Deposit,ACH,4,$7.00 ,$2.00 ,N
12/23/2022,12/23/2022,12/23/2022,ESPO,Cash Div: R/D 2022-12-20 P/D 2022-12-23 - 17.408326 shares at 0.3917,CDIV,8,$5.00 ,$1.00 ,N
12/23/2022,12/23/2022,12/28/2022,SPYG,SPDR Portfolio S&P 500 Growth ETF,Buy,-10,($5.00),$0.00 ,N
12/22/2022,12/22/2022,12/22/2022,SPYG,Cash Div: R/D 2022-12-20 P/D 2022-12-22 - 297.763141 shares at 0.139564,CDIV,2,($10.00),$8.00 ,N
12/16/2022,12/16/2022,12/20/2022,HD,Home Depot,Buy,10,($8.00),$5.00 ,N
12/16/2022,12/16/2022,12/20/2022,NEE,NextEra Energy,Buy,5,($5.00),$5.00 ,N
12/15/2022,12/15/2022,12/15/2022,HD,Cash Div: R/D 2022-12-01 P/D 2022-12-15 - 1.911471 shares at 1.9,CDIV,9,$6.00 ,$6.00 ,N
12/15/2022,12/15/2022,12/15/2022,NEE,Cash Div: R/D 2022-11-25 P/D 2022-12-15 - 30.622531 shares at 0.425,CDIV,-8,$7.00 ,($2.00),N
12/13/2022,12/13/2022,12/15/2022,SPYG,SPDR Portfolio S&P 500 Growth ETF,Buy,-9,$2.00 ,($6.00),N
12/13/2022,12/13/2022,12/13/2022,,ACH Deposit,ACH,3,($1.00),($5.00),N
12/9/2022,12/9/2022,12/13/2022,MSFT,Microsoft,Buy,5,($10.00),$8.00 ,N
12/8/2022,12/8/2022,12/8/2022,MSFT,Cash Div: R/D 2022-11-17 P/D 2022-12-08 - 14.7315 shares at 0.68,CDIV,-10,($4.00),$10.00 ,N
12/6/2022,12/6/2022,12/6/2022,ESPO,Stock Lending,SLIP,-8,$8.00 ,($9.00),N
12/6/2022,12/6/2022,12/6/2022,COIN,Stock Lending,SLIP,2,$4.00 ,($4.00),N
12/6/2022,12/6/2022,12/6/2022,ARKG,Stock Lending,SLIP,-4,$6.00 ,$6.00 ,N
12/6/2022,12/6/2022,12/6/2022,ARKK,Stock Lending,SLIP,7,($10.00),($4.00),N
11/30/2022,11/30/2022,11/30/2022,,Interest Payment,INT,-2,($10.00),$8.00 ,N
11/29/2022,11/29/2022,12/1/2022,SPYG,SPDR Portfolio S&P 500 Growth ETF,Buy,-3,$8.00 ,($8.00),N
11/25/2022,11/25/2022,11/25/2022,,ACH Withdrawal,ACH,-8,($4.00),($10.00),N
11/23/2022,11/23/2022,11/23/2022,,Crypto Money Movement,COIN,3,$7.00 ,($3.00),N
11/23/2022,11/23/2022,11/23/2022,,Crypto Money Movement,COIN,2,($1.00),$5.00 ,N
11/23/2022,11/23/2022,11/23/2022,,Crypto Money Movement,COIN,7,($5.00),$0.00 ,N
11/15/2022,11/15/2022,11/17/2022,SPYG,SPDR Portfolio S&P 500 Growth ETF,Buy,6,$0.00 ,$1.00 ,N
11/15/2022,11/15/2022,11/15/2022,,ACH Deposit,ACH,-4,$6.00 ,($8.00),N
11/4/2022,11/4/2022,11/4/2022,ESPO,Stock Lending,SLIP,-2,$0.00 ,$4.00 ,N
11/4/2022,11/4/2022,11/4/2022,TSLA,Stock Lending,SLIP,1,$3.00 ,$0.00 ,N
11/4/2022,11/4/2022,11/4/2022,COIN,Stock Lending,SLIP,-10,($8.00),($5.00),N
11/4/2022,11/4/2022,11/4/2022,ARKG,Stock Lending,SLIP,6,($8.00),$0.00 ,N
11/4/2022,11/4/2022,11/4/2022,ARKK,Stock Lending,SLIP,5,($3.00),$7.00 ,N
11/1/2022,11/1/2022,11/3/2022,SPYG,SPDR Portfolio S&P 500 Growth ETF,Buy,2,$4.00 ,($5.00),N
11/1/2022,11/1/2022,11/1/2022,,ACH Deposit,ACH,-10,$8.00 ,($1.00),N
10/31/2022,10/31/2022,10/31/2022,,Interest Payment,INT,-6,($10.00),($10.00),N
10/18/2022,10/18/2022,10/20/2022,SPYG,SPDR Portfolio S&P 500 Growth ETF,Buy,-1,($2.00),$10.00 ,N
10/18/2022,10/18/2022,10/18/2022,,ACH Deposit,ACH,-3,($4.00),($5.00),N
10/14/2022,10/14/2022,10/18/2022,MSFT,Microsoft,Buy,3,$3.00 ,$9.00 ,N
10/14/2022,10/14/2022,10/14/2022,,ACH Deposit,ACH,6,$1.00 ,$0.00 ,N
10/6/2022,10/6/2022,10/6/2022,TSLA,Stock Lending,SLIP,-5,$1.00 ,$6.00 ,N
10/6/2022,10/6/2022,10/6/2022,COIN,Stock Lending,SLIP,3,$4.00 ,$5.00 ,N
10/6/2022,10/6/2022,10/6/2022,ANSS,Stock Lending,SLIP,6,($9.00),($3.00),N
10/6/2022,10/6/2022,10/6/2022,ARKG,Stock Lending,SLIP,10,($10.00),($5.00),N
10/6/2022,10/6/2022,10/6/2022,ARKK,Stock Lending,SLIP,-9,($1.00),$7.00 ,N
10/4/2022,10/4/2022,10/6/2022,SPYG,SPDR Portfolio S&P 500 Growth ETF,Buy,-6,$4.00 ,$6.00 ,N
10/4/2022,10/4/2022,10/6/2022,NEE,NextEra Energy,Buy,-4,$0.00 ,($10.00),N
10/4/2022,10/4/2022,10/4/2022,,ACH Deposit,ACH,-4,($10.00),$8.00 ,N
9/30/2022,9/30/2022,9/30/2022,,Interest Payment,INT,2,$10.00 ,$4.00 ,N
9/30/2022,9/30/2022,10/4/2022,MSFT,Microsoft,Buy,-6,($8.00),$2.00 ,N
9/30/2022,9/30/2022,9/30/2022,,ACH Deposit,ACH,-9,($9.00),$9.00 ,N
9/29/2022,9/29/2022,10/3/2022,NOBL,ProShares S&P 500 Dividend Aristocrats ETF,Buy,0,($10.00),$2.00 ,N
9/28/2022,9/28/2022,9/28/2022,NOBL,Cash Div: R/D 2022-09-22 P/D 2022-09-28 - 23.562888 shares at 0.403209,CDIV,2,$6.00 ,$8.00 ,N
9/23/2022,9/23/2022,9/27/2022,SPYG,SPDR Portfolio S&P 500 Growth ETF,Buy,9,$7.00 ,$1.00 ,N
9/22/2022,9/22/2022,9/22/2022,SPYG,Cash Div: R/D 2022-09-20 P/D 2022-09-22 - 279.423906 shares at 0.134315,CDIV,-8,($4.00),$9.00 ,N
9/20/2022,9/20/2022,9/22/2022,SPYG,SPDR Portfolio S&P 500 Growth ETF,Buy,-5,($6.00),($6.00),N
9/20/2022,9/20/2022,9/22/2022,NEE,NextEra Energy,Buy,-8,$1.00 ,$8.00 ,N
9/20/2022,9/20/2022,9/20/2022,,ACH Deposit,ACH,3,($7.00),($2.00),N
9/16/2022,9/16/2022,9/20/2022,MSFT,Microsoft,Buy,-8,($10.00),$4.00 ,N
9/16/2022,9/16/2022,9/16/2022,,ACH Deposit,ACH,3,($8.00),($3.00),N
9/16/2022,9/16/2022,9/20/2022,NEE,NextEra Energy,Buy,-3,$8.00 ,$3.00 ,N
9/16/2022,9/16/2022,9/20/2022,HD,Home Depot,Buy,-5,($8.00),($4.00),N
9/15/2022,9/15/2022,9/15/2022,HD,Cash Div: R/D 2022-09-01 P/D 2022-09-15 - 1.898075 shares at 1.9,CDIV,-1,$4.00 ,($8.00),N
9/15/2022,9/15/2022,9/15/2022,NEE,Cash Div: R/D 2022-08-30 P/D 2022-09-15 - 29.59144 shares at 0.425,CDIV,-9,($8.00),($1.00),N
9/9/2022,9/9/2022,9/13/2022,MSFT,Microsoft,Buy,-8,$0.00 ,$7.00 ,N
9/8/2022,9/8/2022,9/8/2022,MSFT,Cash Div: R/D 2022-08-18 P/D 2022-09-08 - 12.693683 shares at 0.62,CDIV,0,$6.00 ,$0.00 ,N
9/7/2022,9/7/2022,9/7/2022,COIN,Stock Lending,SLIP,6,$6.00 ,$9.00 ,N
9/7/2022,9/7/2022,9/7/2022,BYND,Stock Lending,SLIP,10,($4.00),$5.00 ,N
9/7/2022,9/7/2022,9/7/2022,ANSS,Stock Lending,SLIP,-1,$0.00 ,$9.00 ,N
9/7/2022,9/7/2022,9/7/2022,ARKG,Stock Lending,SLIP,-9,$8.00 ,$9.00 ,N
9/7/2022,9/7/2022,9/7/2022,ARKK,Stock Lending,SLIP,-5,($8.00),($2.00),N
9/6/2022,9/6/2022,9/8/2022,NEE,NextEra Energy,Buy,-10,$4.00 ,($10.00),N
9/6/2022,9/6/2022,9/8/2022,SPYG,SPDR Portfolio S&P 500 Growth ETF,Buy,-5,($4.00),$8.00 ,N
9/6/2022,9/6/2022,9/6/2022,,ACH Deposit,ACH,-10,$9.00 ,($10.00),N
9/2/2022,9/2/2022,9/7/2022,MSFT,Microsoft,Buy,-6,($5.00),$5.00 ,N
8/31/2022,8/31/2022,8/31/2022,,Interest Payment,INT,4,($7.00),($1.00),N
8/25/2022,8/25/2022,8/25/2022,--,Tesla,SPL,-6,$0.00 ,($5.00),N
8/23/2022,8/23/2022,8/25/2022,SPYG,SPDR Portfolio S&P 500 Growth ETF,Buy,2,($9.00),($9.00),N
8/23/2022,8/23/2022,8/25/2022,NEE,NextEra Energy,Buy,-8,$6.00 ,($2.00),N
8/23/2022,8/23/2022,8/25/2022,NOBL,ProShares S&P 500 Dividend Aristocrats ETF,Buy,-7,$7.00 ,($4.00),N
8/23/2022,8/23/2022,8/25/2022,BYND,Beyond Meat,Sell,-9,($6.00),$9.00 ,N
8/19/2022,8/19/2022,8/23/2022,MSFT,Microsoft,Buy,2,($4.00),$8.00 ,N
8/9/2022,8/9/2022,8/11/2022,NEE,NextEra Energy,Buy,-1,($10.00),$1.00 ,N
8/9/2022,8/9/2022,8/11/2022,SPYG,SPDR Portfolio S&P 500 Growth ETF,Buy,-10,($10.00),($6.00),N
8/5/2022,8/5/2022,8/5/2022,NOBL,Stock Lending,SLIP,-4,$3.00 ,($10.00),N
8/5/2022,8/5/2022,8/5/2022,COIN,Stock Lending,SLIP,5,$3.00 ,$2.00 ,N
8/5/2022,8/5/2022,8/5/2022,BYND,Stock Lending,SLIP,4,($8.00),$1.00 ,N
8/5/2022,8/5/2022,8/9/2022,MSFT,Microsoft,Buy,-8,$4.00 ,($3.00),N
7/29/2022,7/29/2022,7/29/2022,,Interest Payment,INT,-8,$1.00 ,$5.00 ,N
7/26/2022,7/26/2022,7/28/2022,NEE,NextEra Energy,Buy,9,$7.00 ,$8.00 ,N
7/26/2022,7/26/2022,7/28/2022,SPYG,SPDR Portfolio S&P 500 Growth ETF,Buy,2,$8.00 ,$3.00 ,N
7/22/2022,7/22/2022,7/26/2022,MSFT,Microsoft,Buy,-2,($5.00),$6.00 ,N
7/20/2022,7/20/2022,7/20/2022,,Interest Payment,INT,-2,$10.00 ,$0.00 ,N
7/18/2022,7/18/2022,7/20/2022,BABA,Alibaba,Buy,-10,$5.00 ,($1.00),N
7/18/2022,7/18/2022,7/18/2022,--,Alphabet Class C,SPL,6,($5.00),($3.00),N
7/15/2022,7/15/2022,7/19/2022,SPYG,SPDR Portfolio S&P 500 Growth ETF,Buy,10,$0.00 ,($1.00),N
7/15/2022,7/15/2022,7/19/2022,ABNB,Airbnb,Buy,-3,($1.00),$4.00 ,N
7/15/2022,7/15/2022,7/15/2022,,Crypto Money Movement,COIN,5,$9.00 ,$1.00 ,N
7/12/2022,7/12/2022,7/14/2022,NEE,NextEra Energy,Buy,-8,$9.00 ,($4.00),N
7/12/2022,7/12/2022,7/14/2022,SPYG,SPDR Portfolio S&P 500 Growth ETF,Buy,6,($9.00),$10.00 ,N
7/8/2022,7/8/2022,7/12/2022,MSFT,Microsoft,Buy,8,($8.00),$6.00 ,N
6/30/2022,6/30/2022,6/30/2022,,Interest Payment,INT,8,$5.00 ,($10.00),N
6/30/2022,6/30/2022,7/5/2022,NOBL,ProShares S&P 500 Dividend Aristocrats ETF,Buy,-10,($3.00),$8.00 ,N
6/29/2022,6/29/2022,6/29/2022,NOBL,Cash Div: R/D 2022-06-23 P/D 2022-06-29 - 21.464777 shares at 0.388262,CDIV,-4,($5.00),($2.00),N
6/28/2022,6/28/2022,6/30/2022,SPYG,SPDR Portfolio S&P 500 Growth ETF,Buy,-3,$9.00 ,$7.00 ,N
6/28/2022,6/28/2022,6/30/2022,NEE,NextEra Energy,Buy,1,($3.00),$7.00 ,N
6/28/2022,6/28/2022,6/30/2022,SPYG,SPDR Portfolio S&P 500 Growth ETF,Buy,-10,$1.00 ,($4.00),N
6/28/2022,6/28/2022,6/28/2022,,ACH Deposit,ACH,5,($3.00),($1.00),N
6/27/2022,6/27/2022,6/29/2022,SPYG,SPDR Portfolio S&P 500 Growth ETF,Buy,8,$1.00 ,$10.00 ,N
6/24/2022,6/24/2022,6/24/2022,SPYG,Cash Div: R/D 2022-06-22 P/D 2022-06-24 - 251.042275 shares at 0.130936,CDIV,3,($1.00),$5.00 ,N
6/24/2022,6/24/2022,6/28/2022,MSFT,Microsoft,Buy,-9,$3.00 ,($3.00),N
6/24/2022,6/24/2022,6/24/2022,,ACH Deposit,ACH,-9,$0.00 ,($3.00),N
6/17/2022,6/17/2022,6/22/2022,HD,Home Depot,Buy,-3,($10.00),($6.00),N
6/16/2022,6/16/2022,6/16/2022,HD,Cash Div: R/D 2022-06-02 P/D 2022-06-16 - 1.884926 shares at 1.9,CDIV,3,$3.00 ,$5.00 ,N
6/16/2022,6/16/2022,6/21/2022,NEE,NextEra Energy,Buy,-1,$2.00 ,($7.00),N
6/15/2022,6/15/2022,6/15/2022,NEE,Cash Div: R/D 2022-05-31 P/D 2022-06-15 - 26.914402 shares at 0.425,CDIV,-9,$4.00 ,$8.00 ,N
6/14/2022,6/14/2022,6/16/2022,NEE,NextEra Energy,Buy,0,($7.00),$10.00 ,N
6/14/2022,6/14/2022,6/16/2022,SPYG,SPDR Portfolio S&P 500 Growth ETF,Buy,4,$3.00 ,($10.00),N
6/14/2022,6/14/2022,6/14/2022,,ACH Deposit,ACH,5,$2.00 ,($8.00),N
6/14/2022,6/14/2022,6/14/2022,,ACH Deposit,ACH,4,$0.00 ,($9.00),N
6/10/2022,6/10/2022,6/14/2022,MSFT,Microsoft,Buy,-8,($1.00),$2.00 ,N
6/10/2022,6/10/2022,6/10/2022,,ACH Deposit,ACH,-1,$1.00 ,($3.00),N
6/10/2022,6/10/2022,6/14/2022,MSFT,Microsoft,Buy,2,$2.00 ,($5.00),N
6/9/2022,6/9/2022,6/9/2022,MSFT,Cash Div: R/D 2022-05-19 P/D 2022-06-09 - 10.411816 shares at 0.62,CDIV,-2,($1.00),($10.00),N
5/31/2022,5/31/2022,5/31/2022,,Interest Payment,INT,6,$5.00 ,$0.00 ,N
5/31/2022,5/31/2022,6/2/2022,SPYG,SPDR Portfolio S&P 500 Growth ETF,Buy,-7,$2.00 ,$7.00 ,N
5/31/2022,5/31/2022,6/2/2022,NEE,NextEra Energy,Buy,-3,($1.00),$4.00 ,N
5/31/2022,5/31/2022,5/31/2022,,ACH Deposit,ACH,1,$7.00 ,$7.00 ,N
5/31/2022,5/31/2022,5/31/2022,,ACH Deposit,ACH,10,($4.00),$5.00 ,N
5/27/2022,5/27/2022,6/1/2022,MSFT,Microsoft,Buy,5,($7.00),$3.00 ,N
5/27/2022,5/27/2022,5/27/2022,,ACH Deposit,ACH,4,$0.00 ,($8.00),N
5/17/2022,5/17/2022,5/19/2022,SPYG,SPDR Portfolio S&P 500 Growth ETF,Buy,4,$8.00 ,($3.00),N
5/17/2022,5/17/2022,5/19/2022,NEE,NextEra Energy,Buy,5,$9.00 ,($9.00),N
5/17/2022,5/17/2022,5/17/2022,,ACH Deposit,ACH,-7,($6.00),($7.00),N
5/17/2022,5/17/2022,5/17/2022,,ACH Deposit,ACH,9,$1.00 ,($6.00),N
5/13/2022,5/13/2022,5/17/2022,MSFT,Microsoft,Buy,-7,$3.00 ,($6.00),N
5/13/2022,5/13/2022,5/17/2022,ANSS,ANSYS,Buy,-3,$4.00 ,$7.00 ,N
5/13/2022,5/13/2022,5/13/2022,,Crypto Money Movement,COIN,10,($2.00),$1.00 ,N
5/13/2022,5/13/2022,5/13/2022,,ACH Deposit,ACH,4,$6.00 ,$1.00 ,N
5/10/2022,5/10/2022,5/10/2022,BABA,ADR Fee: R/D 2022-03-31 P/D 2022-05-10 - 34.996901 shares at 0.02,AFEE,-7,$10.00 ,($9.00),N
5/9/2022,5/9/2022,5/9/2022,,Crypto Money Movement,COIN,10,($3.00),$3.00 ,N
5/9/2022,5/9/2022,5/11/2022,TSLA,Tesla,Buy,0,($2.00),$4.00 ,N
5/9/2022,5/9/2022,5/11/2022,SPYG,SPDR Portfolio S&P 500 Growth ETF,Buy,-10,$7.00 ,($7.00),N
5/9/2022,5/9/2022,5/11/2022,SPYG,SPDR Portfolio S&P 500 Growth ETF,Buy,-6,($3.00),$4.00 ,N
5/9/2022,5/9/2022,5/11/2022,SPYG,SPDR Portfolio S&P 500 Growth ETF,Buy,-7,($5.00),$6.00 ,N
5/9/2022,5/9/2022,5/9/2022,,ACH Deposit,ACH,1,($8.00),($10.00),N
5/3/2022,5/3/2022,5/5/2022,NEE,NextEra Energy,Buy,1,$5.00 ,($2.00),N
5/3/2022,5/3/2022,5/5/2022,SPYG,SPDR Portfolio S&P 500 Growth ETF,Buy,-2,($5.00),($8.00),N
5/3/2022,5/3/2022,5/3/2022,,ACH Deposit,ACH,9,($6.00),($3.00),N
5/3/2022,5/3/2022,5/3/2022,,ACH Deposit,ACH,4,$0.00 ,$10.00 ,N
4/29/2022,4/29/2022,4/29/2022,,Interest Payment,INT,2,$3.00 ,($9.00),N
4/29/2022,4/29/2022,5/3/2022,MSFT,Microsoft,Buy,-1,$10.00 ,$8.00 ,N
4/29/2022,4/29/2022,4/29/2022,,ACH Deposit,ACH,1,$9.00 ,$8.00 ,N
4/28/2022,4/28/2022,5/2/2022,SPYG,SPDR Portfolio S&P 500 Growth ETF,Buy,1,($3.00),$8.00 ,N
4/28/2022,4/28/2022,5/2/2022,SPYG,SPDR Portfolio S&P 500 Growth ETF,Buy,-7,$1.00 ,($2.00),N
4/28/2022,4/28/2022,5/2/2022,DIS,Disney,Buy,7,($1.00),($8.00),N
4/28/2022,4/28/2022,5/2/2022,DIS,Disney,Buy,9,($4.00),($9.00),N
4/28/2022,4/28/2022,5/2/2022,TSLA,Tesla,Buy,10,($4.00),($8.00),N
4/28/2022,4/28/2022,5/2/2022,HD,Home Depot,Buy,6,$3.00 ,$10.00 ,N
4/28/2022,4/28/2022,4/28/2022,,ACH Deposit,ACH,-8,$5.00 ,($4.00),N
4/19/2022,4/19/2022,4/21/2022,NEE,NextEra Energy,Buy,0,$2.00 ,($9.00),N
4/19/2022,4/19/2022,4/21/2022,SPYG,SPDR Portfolio S&P 500 Growth ETF,Buy,-10,$1.00 ,$1.00 ,N
4/19/2022,4/19/2022,4/19/2022,,ACH Deposit,ACH,-8,($10.00),$4.00 ,N
4/18/2022,4/18/2022,4/20/2022,MSFT,Microsoft,Buy,-8,($2.00),$0.00 ,N
4/18/2022,4/18/2022,4/18/2022,,ACH Deposit,ACH,-5,$10.00 ,($3.00),N
4/5/2022,4/5/2022,4/7/2022,SPYG,SPDR Portfolio S&P 500 Growth ETF,Buy,0,$4.00 ,($3.00),N
4/5/2022,4/5/2022,4/7/2022,NEE,NextEra Energy,Buy,10,$10.00 ,$9.00 ,N
4/1/2022,4/1/2022,4/5/2022,MSFT,Microsoft,Buy,1,$10.00 ,$6.00 ,N
3/31/2022,3/31/2022,3/31/2022,,Interest Payment,INT,-8,($8.00),$8.00 ,N
3/31/2022,3/31/2022,4/4/2022,NOBL,ProShares S&P 500 Dividend Aristocrats ETF,Buy,6,($1.00),$10.00 ,N
3/30/2022,3/30/2022,3/30/2022,NOBL,Cash Div: R/D 2022-03-24 P/D 2022-03-30 - 21.386204 shares at 0.352262,CDIV,-6,$4.00 ,($6.00),N
3/25/2022,3/25/2022,3/29/2022,SPYG,SPDR Portfolio S&P 500 Growth ETF,Buy,10,($2.00),$6.00 ,N
3/25/2022,3/25/2022,3/29/2022,HD,Home Depot,Buy,-7,$5.00 ,($10.00),N
3/24/2022,3/24/2022,3/24/2022,SPYG,Cash Div: R/D 2022-03-22 P/D 2022-03-24 - 230.011076 shares at 0.114611,CDIV,-4,($10.00),$7.00 ,N
3/24/2022,3/24/2022,3/24/2022,HD,Cash Div: R/D 2022-03-10 P/D 2022-03-24 - 0.879686 shares at 1.9,CDIV,-10,$2.00 ,$1.00 ,N
3/22/2022,3/22/2022,3/24/2022,NEE,NextEra Energy,Buy,-6,($9.00),$1.00 ,N
3/22/2022,3/22/2022,3/24/2022,SPYG,SPDR Portfolio S&P 500 Growth ETF,Buy,10,($2.00),($5.00),N
3/18/2022,3/18/2022,3/22/2022,MSFT,Microsoft,Buy,-2,($5.00),($7.00),N
3/18/2022,3/18/2022,3/22/2022,SPYG,SPDR Portfolio S&P 500 Growth ETF,Buy,-6,($10.00),($2.00),N
3/18/2022,3/18/2022,3/22/2022,SPYG,SPDR Portfolio S&P 500 Growth ETF,Buy,6,$6.00 ,$6.00 ,N
3/18/2022,3/18/2022,3/18/2022,,ACH Deposit,ACH,8,($5.00),$8.00 ,N
3/16/2022,3/16/2022,3/18/2022,NEE,NextEra Energy,Buy,-6,$3.00 ,$6.00 ,N
3/15/2022,3/15/2022,3/15/2022,NEE,Cash Div: R/D 2022-03-01 P/D 2022-03-15 - 22.989487 shares at 0.425,CDIV,-2,$0.00 ,$1.00 ,N
3/11/2022,3/11/2022,3/15/2022,MSFT,Microsoft,Buy,-8,($6.00),$6.00 ,N
3/10/2022,3/10/2022,3/10/2022,MSFT,Cash Div: R/D 2022-02-17 P/D 2022-03-10 - 7.687659 shares at 0.62,CDIV,-6,$0.00 ,$10.00 ,N
3/8/2022,3/8/2022,3/10/2022,NEE,NextEra Energy,Buy,4,($2.00),$9.00 ,N
3/8/2022,3/8/2022,3/10/2022,SPYG,SPDR Portfolio S&P 500 Growth ETF,Buy,10,$7.00 ,($4.00),N
3/7/2022,3/7/2022,3/9/2022,SPYG,SPDR Portfolio S&P 500 Growth ETF,Buy,9,$10.00 ,($1.00),N
3/7/2022,3/7/2022,3/9/2022,SPYG,SPDR Portfolio S&P 500 Growth ETF,Buy,7,($8.00),($6.00),N
3/7/2022,3/7/2022,3/7/2022,,ACH Deposit,ACH,5,$8.00 ,($7.00),N
3/7/2022,3/7/2022,3/9/2022,ABNB,Airbnb,Buy,-9,($2.00),($5.00),N
3/4/2022,3/4/2022,3/8/2022,MSFT,Microsoft,Buy,3,$0.00 ,$5.00 ,N
2/28/2022,2/28/2022,2/28/2022,,Interest Payment,INT,5,$9.00 ,($3.00),N
2/24/2022,2/24/2022,2/24/2022,,Crypto Money Movement,COIN,-9,$4.00 ,$7.00 ,N
2/24/2022,2/24/2022,2/28/2022,SPYG,SPDR Portfolio S&P 500 Growth ETF,Buy,3,($9.00),($1.00),N
2/24/2022,2/24/2022,2/28/2022,SPYG,SPDR Portfolio S&P 500 Growth ETF,Buy,-4,$4.00 ,($2.00),N
2/22/2022,2/22/2022,2/24/2022,ANSS,ANSYS,Buy,2,$0.00 ,$8.00 ,N
2/22/2022,2/22/2022,2/24/2022,SPYG,SPDR Portfolio S&P 500 Growth ETF,Buy,-5,($3.00),($3.00),N
2/22/2022,2/22/2022,2/24/2022,SPYG,SPDR Portfolio S&P 500 Growth ETF,Buy,-4,$8.00 ,($4.00),N
2/22/2022,2/22/2022,2/24/2022,NEE,NextEra Energy,Buy,-6,$3.00 ,$5.00 ,N
2/22/2022,2/22/2022,2/24/2022,SPYG,SPDR Portfolio S&P 500 Growth ETF,Buy,-10,$0.00 ,$4.00 ,N
2/18/2022,2/18/2022,2/23/2022,MSFT,Microsoft,Buy,2,$0.00 ,$4.00 ,N
2/18/2022,2/18/2022,2/23/2022,MSFT,Microsoft,Buy,-7,($7.00),($2.00),N
2/10/2022,2/10/2022,2/14/2022,DIS,Disney,Sell,6,$5.00 ,$8.00 ,N
2/8/2022,2/8/2022,2/10/2022,SPYG,SPDR Portfolio S&P 500 Growth ETF,Buy,5,$2.00 ,$6.00 ,N
2/8/2022,2/8/2022,2/10/2022,NEE,NextEra Energy,Buy,-3,($10.00),($3.00),N
2/8/2022,2/8/2022,2/8/2022,,ACH Deposit,ACH,-4,$9.00 ,$5.00 ,N
2/8/2022,2/8/2022,2/8/2022,,ACH Deposit,ACH,5,($9.00),$0.00 ,N
2/4/2022,2/4/2022,2/8/2022,MSFT,Microsoft,Buy,7,($9.00),($10.00),N
2/2/2022,2/2/2022,2/2/2022,,Price Correction Credits,MISC,-3,($9.00),($6.00),N
1/31/2022,1/31/2022,1/31/2022,,Interest Payment,INT,0,($1.00),$10.00 ,N
1/25/2022,1/25/2022,1/27/2022,MSFT,Microsoft,Buy,-5,$5.00 ,$4.00 ,N
1/25/2022,1/25/2022,1/27/2022,SPYG,SPDR Portfolio S&P 500 Growth ETF,Buy,-5,$6.00 ,$5.00 ,N
1/25/2022,1/25/2022,1/27/2022,NEE,NextEra Energy,Buy,-4,$8.00 ,$9.00 ,N
1/25/2022,1/25/2022,1/27/2022,NOBL,ProShares S&P 500 Dividend Aristocrats ETF,Buy,-4,($8.00),$9.00 ,N
1/25/2022,1/25/2022,1/27/2022,NEE,NextEra Energy,Buy,10,$0.00 ,$3.00 ,N
1/25/2022,1/25/2022,1/25/2022,,ACH Deposit,ACH,7,$3.00 ,$3.00 ,N
1/24/2022,1/24/2022,1/26/2022,MSFT,Microsoft,Buy,-9,($2.00),($3.00),N
1/24/2022,1/24/2022,1/26/2022,SPYG,SPDR Portfolio S&P 500 Growth ETF,Buy,-4,($8.00),$4.00 ,N
1/24/2022,1/24/2022,1/26/2022,DIS,Disney,Buy,-7,$4.00 ,($3.00),N
1/21/2022,1/21/2022,1/25/2022,MSFT,Microsoft,Buy,8,$9.00 ,($10.00),N
1/21/2022,1/21/2022,1/25/2022,MSFT,Microsoft,Buy,-4,$6.00 ,($2.00),N
1/21/2022,1/21/2022,1/25/2022,COIN,Coinbase,Buy,-9,$5.00 ,($10.00),N
1/21/2022,1/21/2022,1/25/2022,SPYG,SPDR Portfolio S&P 500 Growth ETF,Buy,10,($8.00),$4.00 ,N
1/21/2022,1/21/2022,1/25/2022,DIS,Disney,Buy,5,($7.00),$5.00 ,N
1/21/2022,1/21/2022,1/25/2022,DIS,Disney,Buy,10,$6.00 ,$4.00 ,N
1/21/2022,1/21/2022,1/25/2022,BRLT,Brilliant Earth Group,Buy,1,$0.00 ,($3.00),N
1/19/2022,1/19/2022,1/19/2022,,Interest Payment,INT,3,$10.00 ,$10.00 ,N
1/14/2022,1/14/2022,1/19/2022,BRLT,Brilliant Earth Group,Buy,-10,$8.00 ,$9.00 ,N
1/13/2022,1/13/2022,1/18/2022,ANSS,ANSYS,Buy,5,$4.00 ,$8.00 ,N
1/11/2022,1/11/2022,1/13/2022,SPYG,SPDR Portfolio S&P 500 Growth ETF,Buy,10,$6.00 ,$9.00 ,N
1/11/2022,1/11/2022,1/13/2022,NEE,NextEra Energy,Buy,-8,$8.00 ,$2.00 ,N
1/10/2022,1/10/2022,1/12/2022,NOBL,ProShares S&P 500 Dividend Aristocrats ETF,Buy,-4,($10.00),$10.00 ,N
1/10/2022,1/10/2022,1/12/2022,SPYG,SPDR Portfolio S&P 500 Growth ETF,Buy,5,($6.00),($8.00),N
1/10/2022,1/10/2022,1/12/2022,COIN,Coinbase,Buy,2,($2.00),$10.00 ,N
1/10/2022,1/10/2022,1/12/2022,ABNB,Airbnb,Buy,0,($6.00),$7.00 ,N
1/7/2022,1/7/2022,1/11/2022,MSFT,Microsoft,Buy,-1,$1.00 ,$8.00 ,N
1/6/2022,1/6/2022,1/10/2022,BA,Boeing,Sell,1,($7.00),$6.00 ,N
1/6/2022,1/6/2022,1/10/2022,ARKG,ARK Genomic Revolution ETF,Buy,2,($4.00),$6.00 ,N
1/5/2022,1/5/2022,1/7/2022,COIN,Coinbase,Buy,10,$3.00 ,$4.00 ,N
1/5/2022,1/5/2022,1/7/2022,SPYG,SPDR Portfolio S&P 500 Growth ETF,Buy,2,($5.00),$5.00 ,N
1/5/2022,1/5/2022,1/7/2022,COIN,Coinbase,Buy,-3,$6.00 ,$9.00 ,N
1/3/2022,1/3/2022,1/5/2022,NOBL,ProShares S&P 500 Dividend Aristocrats ETF,Buy,-5,$2.00 ,($2.00),N
1/3/2022,1/3/2022,1/5/2022,ARKK,ARK Innovation ETF,Buy,-10,($8.00),($1.00),N
1/3/2022,1/3/2022,1/5/2022,ARKG,ARK Genomic Revolution ETF,Buy,1,($7.00),($1.00),N
12/31/2021,12/31/2021,12/31/2021,ARKG,Cap Gains: R/D 2021-12-30 P/D 2021-12-31 - 18.96168 shares at 0.38239,LCAP,-4,$8.00 ,($4.00),N
12/31/2021,12/31/2021,12/31/2021,NOBL,Cash Div: R/D 2021-12-27 P/D 2021-12-31 - 19.262248 shares at 0.633571,CDIV,-9,$3.00 ,($3.00),N
12/31/2021,12/31/2021,12/31/2021,ARKK,Cap Gains: R/D 2021-12-30 P/D 2021-12-31 - 3.549435 shares at 0.25768,LCAP,3,($4.00),($9.00),N
12/31/2021,12/31/2021,12/31/2021,ARKK,Cap Gains: R/D 2021-12-30 P/D 2021-12-31 - 3.549435 shares at 0.52489,SCAP,-7,($7.00),($4.00),N
12/31/2021,12/31/2021,12/31/2021,,Interest Payment,INT,-5,$7.00 ,$3.00 ,N
12/30/2021,12/30/2021,1/3/2022,ANSS,ANSYS,Buy,9,($2.00),$2.00 ,N
12/30/2021,12/30/2021,1/3/2022,ANSS,ANSYS,Sell,10,$3.00 ,($9.00),N
12/30/2021,12/30/2021,1/3/2022,COIN,Coinbase,Buy,8,($3.00),$7.00 ,N
12/30/2021,12/30/2021,1/3/2022,SPYG,SPDR Portfolio S&P 500 Growth ETF,Buy,5,$2.00 ,($6.00),N
12/30/2021,12/30/2021,1/3/2022,SPYG,SPDR Portfolio S&P 500 Growth ETF,Sell,8,$9.00 ,($5.00),N
12/30/2021,12/30/2021,1/3/2022,TSLA,Tesla,Buy,-6,($7.00),$4.00 ,N
12/30/2021,12/30/2021,1/3/2022,TSLA,Tesla,Sell,-10,($9.00),($5.00),N
12/30/2021,12/30/2021,1/3/2022,CCL,Carnival,Sell,3,($5.00),($4.00),N
12/30/2021,12/30/2021,1/3/2022,RCL,Royal Caribbean Group,Sell,8,$0.00 ,($7.00),N
12/28/2021,12/28/2021,12/30/2021,SPYG,SPDR Portfolio S&P 500 Growth ETF,Buy,7,$8.00 ,($3.00),N
12/28/2021,12/28/2021,12/30/2021,NEE,NextEra Energy,Buy,-4,($10.00),$2.00 ,N
12/28/2021,12/28/2021,12/28/2021,,ACH Deposit,ACH,8,$8.00 ,($1.00),N
12/28/2021,12/28/2021,12/28/2021,,ACH Deposit,ACH,6,$5.00 ,$7.00 ,N
12/28/2021,12/28/2021,12/30/2021,ESPO,VanEck Video Gaming and eSports ETF,Buy,-2,$0.00 ,$9.00 ,N
12/28/2021,12/28/2021,12/30/2021,ESPO,VanEck Video Gaming and eSports ETF,Buy,-9,$4.00 ,($2.00),N
12/27/2021,12/27/2021,12/27/2021,ESPO,Cash Div: R/D 2021-12-21 P/D 2021-12-27 - 16.850761 shares at 0.0452,CDIV,0,$10.00 ,$9.00 ,N
12/27/2021,12/27/2021,12/27/2021,ESPO,Cap Gains: R/D 2021-12-21 P/D 2021-12-27 - 16.850761 shares at 0.2207,LCAP,8,($4.00),$7.00 ,N
12/27/2021,12/27/2021,12/27/2021,ESPO,Cap Gains: R/D 2021-12-21 P/D 2021-12-27 - 16.850761 shares at 1.9628,SCAP,6,($9.00),($1.00),N
12/27/2021,12/27/2021,12/29/2021,MSFT,Microsoft,Buy,-7,($4.00),$6.00 ,N
12/27/2021,12/27/2021,12/29/2021,SPYG,SPDR Portfolio S&P 500 Growth ETF,Buy,7,$9.00 ,($9.00),N
12/23/2021,12/23/2021,12/23/2021,SPYG,Cash Div: R/D 2021-12-21 P/D 2021-12-23 - 195.422623 shares at 0.122755,CDIV,10,$6.00 ,($2.00),N
12/20/2021,12/20/2021,12/22/2021,SPYG,SPDR Portfolio S&P 500 Growth ETF,Buy,-10,($4.00),($3.00),N
12/17/2021,12/17/2021,12/21/2021,ABNB,Airbnb,Buy,-6,$1.00 ,($5.00),N
12/17/2021,12/17/2021,12/21/2021,HD,Home Depot,Buy,-7,($4.00),$6.00 ,N
12/16/2021,12/16/2021,12/16/2021,HD,Cash Div: R/D 2021-12-02 P/D 2021-12-16 - 0.876042 shares at 1.65,CDIV,-4,($6.00),$3.00 ,N
12/16/2021,12/16/2021,12/20/2021,COIN,Coinbase,Buy,5,($7.00),$10.00 ,N
12/16/2021,12/16/2021,12/20/2021,SPYG,SPDR Portfolio S&P 500 Growth ETF,Buy,6,($6.00),($5.00),N
12/16/2021,12/16/2021,12/20/2021,NEE,NextEra Energy,Buy,2,($7.00),($7.00),N
12/15/2021,12/15/2021,12/15/2021,NEE,Cash Div: R/D 2021-11-26 P/D 2021-12-15 - 15.673609 shares at 0.385,CDIV,-6,$7.00 ,($7.00),N
12/15/2021,12/15/2021,12/17/2021,COIN,Coinbase,Buy,4,($5.00),($5.00),N
12/15/2021,12/15/2021,12/17/2021,SPYG,SPDR Portfolio S&P 500 Growth ETF,Buy,3,($5.00),$6.00 ,N
12/14/2021,12/14/2021,12/16/2021,SPYG,SPDR Portfolio S&P 500 Growth ETF,Buy,3,$7.00 ,($9.00),N
12/14/2021,12/14/2021,12/16/2021,NEE,NextEra Energy,Buy,6,($7.00),$7.00 ,N
12/13/2021,12/13/2021,12/15/2021,COIN,Coinbase,Buy,10,$6.00 ,($10.00),N
12/10/2021,12/10/2021,12/14/2021,MSFT,Microsoft,Buy,8,$1.00 ,$2.00 ,N
12/10/2021,12/10/2021,12/14/2021,MSFT,Microsoft,Buy,8,$2.00 ,($3.00),N
12/9/2021,12/9/2021,12/9/2021,MSFT,Cash Div: R/D 2021-11-18 P/D 2021-12-09 - 3.917584 shares at 0.62,CDIV,2,$10.00 ,$7.00 ,N
12/3/2021,12/3/2021,12/7/2021,SPYG,SPDR Portfolio S&P 500 Growth ETF,Buy,2,$10.00 ,$0.00 ,N
12/3/2021,12/3/2021,12/7/2021,BABA,Alibaba,Buy,4,$9.00 ,($9.00),N
12/2/2021,12/2/2021,12/6/2021,BABA,Alibaba,Buy,-4,($3.00),$10.00 ,N
11/30/2021,11/30/2021,11/30/2021,,Interest Payment,INT,2,$2.00 ,$10.00 ,N
11/30/2021,11/30/2021,12/2/2021,SPYG,SPDR Portfolio S&P 500 Growth ETF,Buy,5,$4.00 ,$3.00 ,N
11/30/2021,11/30/2021,12/2/2021,NEE,NextEra Energy,Buy,-3,($5.00),($6.00),N
11/26/2021,11/26/2021,11/30/2021,SPYG,SPDR Portfolio S&P 500 Growth ETF,Buy,-8,$6.00 ,($7.00),N
11/26/2021,11/26/2021,11/30/2021,SPYG,SPDR Portfolio S&P 500 Growth ETF,Buy,-4,($4.00),$3.00 ,N
11/26/2021,11/26/2021,11/30/2021,MSFT,Microsoft,Buy,-2,$7.00 ,$9.00 ,N
11/16/2021,11/16/2021,11/18/2021,NEE,NextEra Energy,Buy,-9,($2.00),$6.00 ,N
11/16/2021,11/16/2021,11/18/2021,SPYG,SPDR Portfolio S&P 500 Growth ETF,Buy,-6,($10.00),($9.00),N
11/12/2021,11/12/2021,11/16/2021,MSFT,Microsoft,Buy,6,$10.00 ,$10.00 ,N
11/2/2021,11/2/2021,11/4/2021,NEE,NextEra Energy,Buy,-1,$3.00 ,($1.00),N
11/2/2021,11/2/2021,11/4/2021,SPYG,SPDR Portfolio S&P 500 Growth ETF,Buy,2,($1.00),$5.00 ,N
10/29/2021,10/29/2021,10/29/2021,,Interest Payment,INT,2,$9.00 ,$5.00 ,N
10/29/2021,10/29/2021,11/2/2021,MSFT,Microsoft,Buy,10,($10.00),($2.00),N
10/21/2021,10/21/2021,10/21/2021,,Interest Payment,INT,-10,($4.00),$5.00 ,N
10/19/2021,10/19/2021,10/21/2021,NEE,NextEra Energy,Buy,4,$9.00 ,$5.00 ,N
10/19/2021,10/19/2021,10/21/2021,SPYG,SPDR Portfolio S&P 500 Growth ETF,Buy,-10,$2.00 ,$0.00 ,N
10/15/2021,10/15/2021,10/19/2021,MSFT,Microsoft,Buy,-9,$7.00 ,$7.00 ,N
10/11/2021,10/11/2021,10/13/2021,BRLT,Brilliant Earth Group,Buy,-2,($10.00),$9.00 ,N
10/7/2021,10/7/2021,10/12/2021,BRLT,Brilliant Earth Group,Buy,-6,($7.00),($4.00),N
10/5/2021,10/5/2021,10/7/2021,NEE,NextEra Energy,Buy,-8,$6.00 ,($1.00),N
10/5/2021,10/5/2021,10/7/2021,SPYG,SPDR Portfolio S&P 500 Growth ETF,Buy,0,($6.00),$3.00 ,N
10/5/2021,10/5/2021,10/7/2021,BABA,Alibaba,Buy,9,$4.00 ,$10.00 ,N
10/1/2021,10/1/2021,10/5/2021,MSFT,Microsoft,Buy,5,$0.00 ,($6.00),N
9/30/2021,9/30/2021,9/30/2021,,Interest Payment,INT,-1,$3.00 ,$8.00 ,N
9/30/2021,9/30/2021,10/4/2021,NOBL,ProShares S&P 500 Dividend Aristocrats ETF,Buy,-10,$6.00 ,$10.00 ,N
9/29/2021,9/29/2021,9/29/2021,NOBL,Cash Div: R/D 2021-09-23 P/D 2021-09-29 - 19.174703 shares at 0.413424,CDIV,-5,($5.00),($9.00),N
9/29/2021,9/29/2021,10/1/2021,BRLT,Brilliant Earth Group,Buy,1,($4.00),$9.00 ,N
9/28/2021,9/28/2021,9/30/2021,NEE,NextEra Energy,Buy,-8,$5.00 ,($8.00),N
9/27/2021,9/27/2021,9/29/2021,BRLT,Brilliant Earth Group,Buy,2,($6.00),$9.00 ,N
9/24/2021,9/24/2021,9/28/2021,BRLT,Brilliant Earth Group,Buy,4,($10.00),$10.00 ,N
9/24/2021,9/24/2021,9/28/2021,SPYG,SPDR Portfolio S&P 500 Growth ETF,Buy,-3,$10.00 ,($5.00),N
9/23/2021,9/23/2021,9/23/2021,SPYG,Cash Div: R/D 2021-09-21 P/D 2021-09-23 - 170.642216 shares at 0.105016,CDIV,-10,($5.00),($3.00),N
9/23/2021,9/23/2021,9/27/2021,BRLT,Brilliant Earth Group,Buy,8,$5.00 ,($2.00),N
9/23/2021,9/23/2021,9/27/2021,BRLT,Brilliant Earth Group,Buy,-7,($3.00),($7.00),N
9/21/2021,9/21/2021,9/23/2021,NEE,NextEra Energy,Buy,-6,($5.00),$2.00 ,N
9/20/2021,9/20/2021,9/20/2021,,Interest Payment,INT,-3,$8.00 ,$6.00 ,N
9/20/2021,9/20/2021,9/22/2021,ARKG,ARK Genomic Revolution ETF,Buy,-8,$10.00 ,($7.00),N
9/20/2021,9/20/2021,9/22/2021,BABA,Alibaba,Buy,-2,$4.00 ,$10.00 ,N
9/17/2021,9/17/2021,9/21/2021,MSFT,Microsoft,Buy,4,($3.00),$7.00 ,N
9/17/2021,9/17/2021,9/21/2021,HD,Home Depot,Buy,-7,$5.00 ,($8.00),N
9/16/2021,9/16/2021,9/20/2021,NEE,NextEra Energy,Buy,-2,$5.00 ,$3.00 ,N
9/16/2021,9/16/2021,9/16/2021,HD,Cash Div: R/D 2021-09-02 P/D 2021-09-16 - 0.871752 shares at 1.65,CDIV,-6,$5.00 ,$5.00 ,N
9/15/2021,9/15/2021,9/15/2021,NEE,Cash Div: R/D 2021-08-27 P/D 2021-09-15 - 7.176509 shares at 0.385,CDIV,0,$7.00 ,$7.00 ,N
9/14/2021,9/14/2021,9/16/2021,NEE,NextEra Energy,Buy,-6,$10.00 ,($2.00),N
9/10/2021,9/10/2021,9/14/2021,MSFT,Microsoft,Buy,-1,$6.00 ,($6.00),N
9/9/2021,9/9/2021,9/9/2021,MSFT,Cash Div: R/D 2021-08-19 P/D 2021-09-09 - 2.107739 shares at 0.56,CDIV,-5,($9.00),$10.00 ,N
9/8/2021,9/8/2021,9/8/2021,,ACH Withdrawal,ACH,8,($4.00),$2.00 ,N
9/7/2021,9/7/2021,9/9/2021,NEE,NextEra Energy,Buy,0,$4.00 ,$0.00 ,N
9/3/2021,9/3/2021,9/8/2021,MSFT,Microsoft,Buy,5,($8.00),$10.00 ,N
8/31/2021,8/31/2021,8/31/2021,,Interest Payment,INT,-2,($8.00),($10.00),N
8/31/2021,8/31/2021,9/2/2021,NEE,NextEra Energy,Buy,-3,($9.00),$10.00 ,N
8/24/2021,8/24/2021,8/26/2021,NEE,NextEra Energy,Buy,3,$4.00 ,($5.00),N
8/23/2021,8/23/2021,8/23/2021,,Interest Payment,INT,-8,($4.00),$7.00 ,N
8/20/2021,8/20/2021,8/24/2021,MSFT,Microsoft,Buy,0,$4.00 ,$1.00 ,N
8/19/2021,8/19/2021,8/23/2021,BABA,Alibaba,Buy,-9,$3.00 ,($6.00),N
8/18/2021,8/18/2021,8/20/2021,ABNB,Airbnb,Buy,1,$4.00 ,$8.00 ,N
8/17/2021,8/17/2021,8/19/2021,NEE,NextEra Energy,Buy,-7,($4.00),($4.00),N
8/17/2021,8/17/2021,8/19/2021,MSFT,Microsoft,Buy,-9,$2.00 ,$1.00 ,N
8/10/2021,8/10/2021,8/12/2021,NEE,NextEra Energy,Buy,-9,$6.00 ,($5.00),N
8/6/2021,8/6/2021,8/10/2021,MSFT,Microsoft,Buy,-1,($5.00),$0.00 ,N
8/3/2021,8/3/2021,8/5/2021,NEE,NextEra Energy,Buy,-9,($1.00),($5.00),N
7/30/2021,7/30/2021,7/30/2021,,Interest Payment,INT,-2,($6.00),($1.00),N
7/27/2021,7/27/2021,7/29/2021,NEE,NextEra Energy,Buy,5,$0.00 ,$0.00 ,N
7/27/2021,7/27/2021,7/29/2021,NEE,NextEra Energy,Buy,4,($9.00),($4.00),N
7/27/2021,7/27/2021,7/29/2021,BA,Boeing,Buy,-1,$9.00 ,$7.00 ,N
7/27/2021,7/27/2021,7/29/2021,ABNB,Airbnb,Buy,0,$1.00 ,$5.00 ,N
7/27/2021,7/27/2021,7/29/2021,MSFT,Microsoft,Buy,0,($5.00),$4.00 ,N
7/27/2021,7/27/2021,7/29/2021,BABA,Alibaba,Buy,1,$8.00 ,$0.00 ,N
7/27/2021,7/27/2021,7/29/2021,ESPO,VanEck Video Gaming and eSports ETF,Buy,6,($2.00),$7.00 ,N
7/26/2021,7/26/2021,7/28/2021,BABA,Alibaba,Buy,-10,$0.00 ,($6.00),N
7/23/2021,7/23/2021,7/27/2021,MSFT,Microsoft,Buy,-10,$1.00 ,($8.00),N
7/21/2021,7/21/2021,7/23/2021,BA,Boeing,Buy,6,$9.00 ,$1.00 ,N
7/20/2021,7/20/2021,7/20/2021,,Crypto Money Movement,COIN,5,($10.00),$5.00 ,N
7/20/2021,7/20/2021,7/20/2021,,Crypto Money Movement,COIN,-5,$8.00 ,$3.00 ,N
7/16/2021,7/16/2021,7/16/2021,,Interest Payment,INT,-7,$7.00 ,($6.00),N
7/15/2021,7/15/2021,7/15/2021,,Crypto Money Movement,COIN,8,($10.00),$8.00 ,N
7/15/2021,7/15/2021,7/15/2021,,Crypto Money Movement,COIN,-9,$10.00 ,($1.00),N
7/14/2021,7/14/2021,7/16/2021,ABNB,Airbnb,Buy,2,$4.00 ,$9.00 ,N
7/9/2021,7/9/2021,7/13/2021,MSFT,Microsoft,Buy,4,($8.00),$4.00 ,N
7/9/2021,7/9/2021,7/13/2021,MSFT,Microsoft,Buy,-2,$3.00 ,($1.00),N
7/9/2021,7/9/2021,7/13/2021,BABA,Alibaba,Buy,-6,$10.00 ,($8.00),N
7/8/2021,7/8/2021,7/8/2021,,Crypto Money Movement,COIN,-8,($8.00),$4.00 ,N
7/8/2021,7/8/2021,7/8/2021,,Crypto Money Movement,COIN,-10,$0.00 ,($5.00),N
7/8/2021,7/8/2021,7/12/2021,ABNB,Airbnb,Buy,-7,$5.00 ,($8.00),N
7/2/2021,7/2/2021,7/2/2021,,Crypto Money Movement,COIN,-10,($10.00),($1.00),N
7/2/2021,7/2/2021,7/2/2021,,Crypto Money Movement,COIN,-8,($7.00),($9.00),N
6/30/2021,6/30/2021,6/30/2021,,Interest Payment,INT,10,$6.00 ,$2.00 ,N
6/30/2021,6/30/2021,7/2/2021,NOBL,ProShares S&P 500 Dividend Aristocrats ETF,Buy,7,($10.00),$2.00 ,N
6/29/2021,6/29/2021,6/29/2021,NOBL,Cash Div: R/D 2021-06-23 P/D 2021-06-29 - 19.082477 shares at 0.437185,CDIV,-8,$2.00 ,($4.00),N
6/25/2021,6/25/2021,6/29/2021,SPYG,SPDR Portfolio S&P 500 Growth ETF,Buy,-8,$6.00 ,($4.00),N
6/24/2021,6/24/2021,6/24/2021,SPYG,Cash Div: R/D 2021-06-22 P/D 2021-06-24 - 170.353891 shares at 0.105633,CDIV,3,($4.00),$10.00 ,N
6/21/2021,6/21/2021,6/23/2021,ABNB,Airbnb,Buy,2,$7.00 ,($1.00),N
6/21/2021,6/21/2021,6/21/2021,,Crypto Money Movement,COIN,-6,$0.00 ,$10.00 ,N
6/21/2021,6/21/2021,6/21/2021,,Crypto Money Movement,COIN,-6,($6.00),$4.00 ,N
6/18/2021,6/18/2021,6/22/2021,HD,Home Depot,Buy,8,($1.00),($9.00),N
6/17/2021,6/17/2021,6/17/2021,HD,Cash Div: R/D 2021-06-03 P/D 2021-06-17 - 0.866987 shares at 1.65,CDIV,-6,$6.00 ,($2.00),N
6/8/2021,6/8/2021,6/8/2021,,Crypto Money Movement,COIN,-9,($2.00),($6.00),N
6/8/2021,6/8/2021,6/8/2021,,Crypto Money Movement,COIN,-9,($6.00),$9.00 ,N
6/4/2021,6/4/2021,6/4/2021,,Crypto Money Movement,COIN,-4,($10.00),$7.00 ,N
6/4/2021,6/4/2021,6/4/2021,,Crypto Money Movement,COIN,-5,$9.00 ,($2.00),N
6/2/2021,6/2/2021,6/2/2021,,Crypto Money Movement,COIN,3,$8.00 ,$0.00 ,N
6/2/2021,6/2/2021,6/4/2021,ABNB,Airbnb,Buy,-6,$9.00 ,($4.00),N
5/28/2021,5/28/2021,5/28/2021,,Interest Payment,INT,-1,$9.00 ,($7.00),N
5/28/2021,5/28/2021,6/2/2021,VXUS,Vanguard Total International Stock ETF,Sell,2,$1.00 ,($2.00),N
5/28/2021,5/28/2021,6/2/2021,VXUS,Vanguard Total International Stock ETF,Sell,8,($3.00),$1.00 ,N
5/27/2021,5/27/2021,6/1/2021,ABNB,Airbnb,Buy,7,$9.00 ,($7.00),N
5/26/2021,5/26/2021,5/26/2021,,Crypto Money Movement,COIN,7,$4.00 ,$10.00 ,N
5/20/2021,5/20/2021,5/24/2021,ABNB,Airbnb,Buy,10,$7.00 ,($3.00),N
5/18/2021,5/18/2021,5/18/2021,,Crypto Money Movement,COIN,-9,($1.00),$2.00 ,N
5/17/2021,5/17/2021,5/17/2021,,Crypto Money Movement,COIN,-6,($6.00),($4.00),N
5/17/2021,5/17/2021,5/17/2021,,Crypto Money Movement,COIN,0,($6.00),$6.00 ,N
5/17/2021,5/17/2021,5/19/2021,ABNB,Airbnb,Buy,10,($7.00),($6.00),N
5/17/2021,5/17/2021,5/17/2021,,Crypto Money Movement,COIN,6,($7.00),$1.00 ,N
5/17/2021,5/17/2021,5/17/2021,,Crypto Money Movement,COIN,9,$8.00 ,$7.00 ,N
5/17/2021,5/17/2021,5/17/2021,,Crypto Money Movement,COIN,6,$8.00 ,($9.00),N
5/14/2021,5/14/2021,5/14/2021,,Crypto Money Movement,COIN,4,$1.00 ,$0.00 ,N
5/14/2021,5/14/2021,5/14/2021,,Crypto Money Movement,COIN,7,($10.00),$10.00 ,N
5/14/2021,5/14/2021,5/18/2021,BABA,Alibaba,Buy,-10,($4.00),($3.00),N
5/13/2021,5/13/2021,5/17/2021,ABNB,Airbnb,Buy,-6,$9.00 ,$8.00 ,N
5/13/2021,5/13/2021,5/17/2021,ABNB,Airbnb,Buy,5,$0.00 ,$2.00 ,N
5/12/2021,5/12/2021,5/12/2021,BABA,ADR Fee: R/D 2021-03-31 P/D 2021-05-12 - 17.342747 shares at 0.02,AFEE,1,$4.00 ,($7.00),N
5/11/2021,5/11/2021,5/13/2021,ABNB,Airbnb,Buy,-2,$7.00 ,$5.00 ,N
5/10/2021,5/10/2021,5/12/2021,BYND,Beyond Meat,Buy,7,($6.00),$3.00 ,N
5/10/2021,5/10/2021,5/12/2021,ABNB,Airbnb,Buy,10,$5.00 ,$6.00 ,N
5/6/2021,5/6/2021,5/10/2021,ABNB,Airbnb,Buy,-10,$5.00 ,($1.00),N
5/5/2021,5/5/2021,5/7/2021,BABA,Alibaba,Buy,8,($5.00),$8.00 ,N
5/4/2021,5/4/2021,5/6/2021,ABNB,Airbnb,Buy,-4,$0.00 ,($8.00),N
5/4/2021,5/4/2021,5/6/2021,BYND,Beyond Meat,Buy,3,$2.00 ,($3.00),N
4/30/2021,4/30/2021,4/30/2021,,Interest Payment,INT,8,($3.00),($6.00),N
4/20/2021,4/20/2021,4/22/2021,ABNB,Airbnb,Buy,6,($10.00),$7.00 ,N
4/7/2021,4/7/2021,4/9/2021,CCL,Carnival,Sell,3,$1.00 ,$8.00 ,N
4/6/2021,4/6/2021,4/8/2021,ABNB,Airbnb,Buy,10,$4.00 ,$7.00 ,N
4/1/2021,4/1/2021,4/1/2021,,ACH Deposit,ACH,-4,$4.00 ,$2.00 ,N
3/31/2021,3/31/2021,3/31/2021,,Interest Payment,INT,0,($2.00),($6.00),N
3/31/2021,3/31/2021,4/5/2021,BABA,Alibaba,Buy,1,$2.00 ,($10.00),N
3/31/2021,3/31/2021,4/5/2021,NOBL,ProShares S&P 500 Dividend Aristocrats ETF,Buy,2,$9.00 ,($5.00),N
3/30/2021,3/30/2021,3/30/2021,NOBL,Cash Div: R/D 2021-03-24 P/D 2021-03-30 - 19 shares at 0.376026,CDIV,-1,$0.00 ,$0.00 ,N
3/30/2021,3/30/2021,4/1/2021,TGT,Target,Sell,10,$2.00 ,$8.00 ,N
3/30/2021,3/30/2021,4/1/2021,TGT,Target,Sell,8,($3.00),$5.00 ,N
3/30/2021,3/30/2021,4/1/2021,TGT,Target,Sell,-5,$9.00 ,$3.00 ,N
3/26/2021,3/26/2021,3/26/2021,,Interest Payment,INT,-7,($5.00),($4.00),N
3/26/2021,3/26/2021,3/30/2021,TGT,Target,Sell,2,$3.00 ,$6.00 ,N
3/26/2021,3/26/2021,3/30/2021,HD,Home Depot,Buy,-5,$4.00 ,($7.00),N
3/26/2021,3/26/2021,3/30/2021,VXUS,Vanguard Total International Stock ETF,Buy,8,($1.00),$6.00 ,N
3/26/2021,3/26/2021,3/30/2021,SPYG,SPDR Portfolio S&P 500 Growth ETF,Buy,7,$2.00 ,$8.00 ,N
3/25/2021,3/25/2021,3/25/2021,SPYG,Cash Div: R/D 2021-03-23 P/D 2021-03-25 - 170 shares at 0.114768,CDIV,2,$7.00 ,($4.00),N
3/25/2021,3/25/2021,3/25/2021,VXUS,Cash Div: R/D 2021-03-23 P/D 2021-03-25 - 2 shares at 0.1553,CDIV,-3,$10.00 ,($6.00),N
3/25/2021,3/25/2021,3/25/2021,HD,Cash Div: R/D 2021-03-11 P/D 2021-03-25 - 6.740932 shares at 1.65,CDIV,-1,$9.00 ,($3.00),N
3/24/2021,3/24/2021,3/26/2021,HD,Home Depot,Sell,9,($3.00),($3.00),N
3/24/2021,3/24/2021,3/26/2021,DIS,Disney,Sell,3,($8.00),$8.00 ,N
3/17/2021,3/17/2021,3/19/2021,NOBL,ProShares S&P 500 Dividend Aristocrats ETF,Buy,-4,($2.00),$9.00 ,N
3/17/2021,3/17/2021,3/17/2021,,ACH Deposit,ACH,9,($6.00),($3.00),N
3/17/2021,3/17/2021,3/19/2021,ESPO,VanEck Video Gaming and eSports ETF,Buy,8,$6.00 ,($6.00),N
3/16/2021,3/16/2021,3/18/2021,TSLA,Tesla,Buy,7,($3.00),($10.00),N
3/16/2021,3/16/2021,3/18/2021,ESPO,VanEck Video Gaming and eSports ETF,Buy,10,$9.00 ,$7.00 ,N
3/16/2021,3/16/2021,3/18/2021,BABA,Alibaba,Buy,9,$7.00 ,$4.00 ,N
3/16/2021,3/16/2021,3/18/2021,TGT,Target,Buy,0,($3.00),$6.00 ,N
3/16/2021,3/16/2021,3/18/2021,HD,Home Depot,Buy,2,$5.00 ,$7.00 ,N
3/16/2021,3/16/2021,3/18/2021,ARKG,ARK Genomic Revolution ETF,Buy,-3,($9.00),($6.00),N
3/16/2021,3/16/2021,3/18/2021,ABNB,Airbnb,Buy,-2,($5.00),($2.00),N
3/15/2021,3/15/2021,3/17/2021,RCL,Royal Caribbean Group,Sell,-4,($2.00),($1.00),N
3/12/2021,3/12/2021,3/16/2021,BA,Boeing,Sell,9,$3.00 ,($10.00),N
3/12/2021,3/12/2021,3/16/2021,VXUS,Vanguard Total International Stock ETF,Sell,-4,$0.00 ,$8.00 ,N
3/12/2021,3/12/2021,3/16/2021,RCL,Royal Caribbean Group,Sell,8,($1.00),$1.00 ,N
3/12/2021,3/12/2021,3/16/2021,CCL,Carnival,Sell,5,($8.00),($7.00),N
3/12/2021,3/12/2021,3/16/2021,CCL,Carnival,Sell,-1,($5.00),($6.00),N
3/11/2021,3/11/2021,3/15/2021,QQQ,Invesco QQQ,Sell,-7,$6.00 ,$6.00 ,N
3/11/2021,3/11/2021,3/15/2021,AMZN,Amazon,Sell,-3,$2.00 ,$7.00 ,N
3/11/2021,3/11/2021,3/15/2021,ANSS,ANSYS,Buy,8,($1.00),$8.00 ,N
3/11/2021,3/11/2021,3/15/2021,TGT,Target,Buy,3,($1.00),$8.00 ,N
3/10/2021,3/10/2021,3/10/2021,TGT,Cash Div: R/D 2021-02-17 P/D 2021-03-10 - 11.835972 shares at 0.68,CDIV,-1,($6.00),$2.00 ,N
3/8/2021,3/8/2021,3/10/2021,ABNB,Airbnb,Buy,8,$10.00 ,$10.00 ,N
3/2/2021,3/2/2021,3/4/2021,ARKK,ARK Innovation ETF,Buy,10,$10.00 ,$0.00 ,N
3/2/2021,3/2/2021,3/4/2021,TSLA,Tesla,Buy,-1,$7.00 ,$3.00 ,N
3/2/2021,3/2/2021,3/4/2021,BABA,Alibaba,Buy,5,$0.00 ,$6.00 ,N
3/2/2021,3/2/2021,3/4/2021,HD,Home Depot,Buy,-8,$6.00 ,$9.00 ,N
3/2/2021,3/2/2021,3/4/2021,TGT,Target,Buy,3,$5.00 ,$6.00 ,N
3/2/2021,3/2/2021,3/4/2021,ESPO,VanEck Video Gaming and eSports ETF,Buy,1,$10.00 ,($6.00),N
3/2/2021,3/2/2021,3/4/2021,ARKG,ARK Genomic Revolution ETF,Buy,-2,($1.00),($4.00),N
3/2/2021,3/2/2021,3/4/2021,CCL,Carnival,Sell,6,$5.00 ,($9.00),N
3/2/2021,3/2/2021,3/4/2021,RCL,Royal Caribbean Group,Sell,0,($4.00),$3.00 ,N
3/1/2021,3/1/2021,3/1/2021,,ACH Deposit,ACH,-1,$1.00 ,($8.00),N
2/26/2021,2/26/2021,2/26/2021,,Interest Payment,INT,10,($9.00),($9.00),N
2/25/2021,2/25/2021,3/1/2021,ABNB,Airbnb,Buy,10,$6.00 ,$4.00 ,N
2/16/2021,2/16/2021,2/18/2021,BABA,Alibaba,Buy,7,($4.00),$1.00 ,N
2/16/2021,2/16/2021,2/18/2021,ARKK,ARK Innovation ETF,Buy,7,$5.00 ,($4.00),N
2/16/2021,2/16/2021,2/18/2021,TSLA,Tesla,Buy,-10,$3.00 ,($5.00),N
2/16/2021,2/16/2021,2/18/2021,HD,Home Depot,Buy,-10,$4.00 ,($2.00),N
2/16/2021,2/16/2021,2/18/2021,TGT,Target,Buy,-6,($7.00),($9.00),N
2/16/2021,2/16/2021,2/18/2021,ARKG,ARK Genomic Revolution ETF,Buy,9,$9.00 ,($6.00),N
2/16/2021,2/16/2021,2/18/2021,ESPO,VanEck Video Gaming and eSports ETF,Buy,4,$8.00 ,($1.00),N
2/2/2021,2/2/2021,2/4/2021,TSLA,Tesla,Buy,-3,$10.00 ,($2.00),N
2/2/2021,2/2/2021,2/4/2021,BABA,Alibaba,Buy,-8,($10.00),$6.00 ,N
2/2/2021,2/2/2021,2/4/2021,TGT,Target,Buy,9,$2.00 ,($3.00),N
2/2/2021,2/2/2021,2/4/2021,ARKK,ARK Innovation ETF,Buy,6,($10.00),($1.00),N
2/2/2021,2/2/2021,2/4/2021,ARKG,ARK Genomic Revolution ETF,Buy,-2,$3.00 ,($3.00),N
2/2/2021,2/2/2021,2/4/2021,HD,Home Depot,Buy,4,$6.00 ,$8.00 ,N
2/2/2021,2/2/2021,2/4/2021,ESPO,VanEck Video Gaming and eSports ETF,Buy,5,($1.00),$7.00 ,N
2/1/2021,2/1/2021,2/1/2021,,ACH Deposit,ACH,-3,$4.00 ,$0.00 ,N
1/29/2021,1/29/2021,1/29/2021,,Interest Payment,INT,7,($8.00),$7.00 ,N
1/19/2021,1/19/2021,1/21/2021,BABA,Alibaba,Buy,4,($1.00),$3.00 ,N
1/19/2021,1/19/2021,1/21/2021,ARKK,ARK Innovation ETF,Buy,-2,($3.00),$0.00 ,N
1/19/2021,1/19/2021,1/21/2021,TSLA,Tesla,Buy,-10,$9.00 ,($5.00),N
1/19/2021,1/19/2021,1/21/2021,HD,Home Depot,Buy,-9,$8.00 ,$9.00 ,N
1/19/2021,1/19/2021,1/21/2021,ARKG,ARK Genomic Revolution ETF,Buy,-10,$2.00 ,$0.00 ,N
1/19/2021,1/19/2021,1/21/2021,TGT,Target,Buy,7,$4.00 ,$8.00 ,N
1/19/2021,1/19/2021,1/21/2021,ESPO,VanEck Video Gaming and eSports ETF,Buy,4,$7.00 ,($7.00),N
1/5/2021,1/5/2021,1/7/2021,TSLA,Tesla,Buy,-9,$0.00 ,$8.00 ,N
1/5/2021,1/5/2021,1/7/2021,ARKG,ARK Genomic Revolution ETF,Buy,0,$8.00 ,$10.00 ,N
1/5/2021,1/5/2021,1/7/2021,ARKK,ARK Innovation ETF,Buy,1,$0.00 ,$4.00 ,N
1/5/2021,1/5/2021,1/7/2021,TGT,Target,Buy,-6,($6.00),($4.00),N
1/5/2021,1/5/2021,1/7/2021,HD,Home Depot,Buy,5,($8.00),$6.00 ,N
1/5/2021,1/5/2021,1/7/2021,ESPO,VanEck Video Gaming and eSports ETF,Buy,-9,($10.00),$6.00 ,N
1/5/2021,1/5/2021,1/7/2021,BABA,Alibaba,Buy,3,($9.00),$7.00 ,N
1/4/2021,1/4/2021,1/4/2021,,ACH Deposit,ACH,-3,$1.00 ,($9.00),N
12/31/2020,12/31/2020,12/31/2020,NOBL,Cash Div: R/D 2020-12-24 P/D 2020-12-31 - 7 shares at 0.534768,CDIV,-6,($7.00),($7.00),N
12/31/2020,12/31/2020,12/31/2020,ARKG,Cap Gains: R/D 2020-12-30 P/D 2020-12-31 - 14.60088 shares at 0.36456,LCAP,-10,($4.00),$8.00 ,N
12/31/2020,12/31/2020,12/31/2020,ARKG,Cap Gains: R/D 2020-12-30 P/D 2020-12-31 - 14.60088 shares at 0.42557,SCAP,7,($10.00),$10.00 ,N
12/31/2020,12/31/2020,12/31/2020,QQQ,Cash Div: R/D 2020-12-22 P/D 2020-12-31 - 5 shares at 0.56133,CDIV,3,($5.00),($10.00),N
12/31/2020,12/31/2020,12/31/2020,ARKK,Cap Gains: R/D 2020-12-30 P/D 2020-12-31 - 1.782438 shares at 0.41657,LCAP,-3,($2.00),($10.00),N
12/31/2020,12/31/2020,12/31/2020,ARKK,Cap Gains: R/D 2020-12-30 P/D 2020-12-31 - 1.782438 shares at 1.62774,SCAP,3,($5.00),$0.00 ,N
12/31/2020,12/31/2020,12/31/2020,,Interest Payment,INT,-2,($10.00),$2.00 ,N
12/29/2020,12/29/2020,12/31/2020,SPYG,SPDR Portfolio S&P 500 Growth ETF,Buy,2,($4.00),($7.00),N
12/29/2020,12/29/2020,12/31/2020,SPYG,SPDR Portfolio S&P 500 Growth ETF,Sell,0,$0.00 ,($4.00),N
12/29/2020,12/29/2020,12/31/2020,TSLA,Tesla,Buy,-7,$2.00 ,($6.00),N
12/29/2020,12/29/2020,12/31/2020,TSLA,Tesla,Sell,5,$0.00 ,$6.00 ,N
12/28/2020,12/28/2020,12/28/2020,ESPO,Cash Div: R/D 2020-12-22 P/D 2020-12-28 - 8.47048 shares at 0.0849,CDIV,-7,($8.00),($7.00),N
12/28/2020,12/28/2020,12/30/2020,BABA,Alibaba,Buy,-5,$10.00 ,$0.00 ,N
12/24/2020,12/24/2020,12/24/2020,SPYG,Cash Div: R/D 2020-12-22 P/D 2020-12-24 - 170 shares at 0.131055,CDIV,-8,$3.00 ,($4.00),N
12/24/2020,12/24/2020,12/24/2020,VXUS,Cash Div: R/D 2020-12-22 P/D 2020-12-24 - 20 shares at 0.5903,CDIV,-7,$6.00 ,($9.00),N
12/23/2020,12/23/2020,12/28/2020,TSLA,Tesla,Buy,3,($2.00),($4.00),N
12/22/2020,12/22/2020,12/24/2020,TGT,Target,Buy,-1,$10.00 ,($7.00),N
12/22/2020,12/22/2020,12/24/2020,ARKG,ARK Genomic Revolution ETF,Buy,-4,($1.00),($10.00),N
12/22/2020,12/22/2020,12/24/2020,ESPO,VanEck Video Gaming and eSports ETF,Buy,-9,$1.00 ,$8.00 ,N
12/22/2020,12/22/2020,12/24/2020,HD,Home Depot,Buy,0,($9.00),$3.00 ,N
12/22/2020,12/22/2020,12/24/2020,ARKK,ARK Innovation ETF,Buy,7,($8.00),$5.00 ,N
12/22/2020,12/22/2020,12/24/2020,BABA,Alibaba,Buy,10,($7.00),$0.00 ,N
12/21/2020,12/21/2020,12/23/2020,AMZN,Amazon,Buy,2,($10.00),$5.00 ,N
12/21/2020,12/21/2020,12/23/2020,ESPO,VanEck Video Gaming and eSports ETF,Buy,3,$2.00 ,$8.00 ,N
12/17/2020,12/17/2020,12/17/2020,HD,Cash Div: R/D 2020-12-03 P/D 2020-12-17 - 6.090906 shares at 1.5,CDIV,9,($3.00),$0.00 ,N
12/10/2020,12/10/2020,12/10/2020,TGT,Cash Div: R/D 2020-11-18 P/D 2020-12-10 - 11 shares at 0.68,CDIV,6,$0.00 ,$6.00 ,N
12/10/2020,12/10/2020,12/10/2020,MSFT,Cash Div: R/D 2020-11-19 P/D 2020-12-10 - 2 shares at 0.56,CDIV,9,$1.00 ,($9.00),N
12/10/2020,12/10/2020,12/10/2020,,ACH Deposit,ACH,9,$8.00 ,($10.00),N
12/8/2020,12/8/2020,12/10/2020,ESPO,VanEck Video Gaming and eSports ETF,Buy,-7,($10.00),($4.00),N
12/8/2020,12/8/2020,12/10/2020,ARKG,ARK Genomic Revolution ETF,Buy,-5,($1.00),$10.00 ,N
12/8/2020,12/8/2020,12/10/2020,TSLA,Tesla,Buy,-8,$1.00 ,$0.00 ,N
12/8/2020,12/8/2020,12/10/2020,ARKK,ARK Innovation ETF,Buy,-10,($2.00),($1.00),N
12/8/2020,12/8/2020,12/10/2020,BABA,Alibaba,Buy,5,($10.00),$2.00 ,N
12/8/2020,12/8/2020,12/10/2020,HD,Home Depot,Buy,-6,($2.00),$2.00 ,N
12/8/2020,12/8/2020,12/10/2020,TGT,Target,Buy,5,$0.00 ,$3.00 ,N
12/1/2020,12/1/2020,12/1/2020,,ACH Deposit,ACH,-8,$9.00 ,($3.00),N
11/30/2020,11/30/2020,11/30/2020,,Interest Payment,INT,-7,$7.00 ,($3.00),N
11/30/2020,11/30/2020,12/2/2020,AMZN,Amazon,Buy,1,$3.00 ,$5.00 ,N
11/27/2020,11/27/2020,12/1/2020,ESPO,VanEck Video Gaming and eSports ETF,Buy,-1,$0.00 ,($8.00),N
11/27/2020,11/27/2020,12/1/2020,MSFT,Microsoft,Sell,1,$0.00 ,($4.00),N
11/24/2020,11/24/2020,11/27/2020,ARKG,ARK Genomic Revolution ETF,Buy,1,($9.00),$4.00 ,N
11/24/2020,11/24/2020,11/27/2020,TGT,Target,Buy,-5,($10.00),$10.00 ,N
11/24/2020,11/24/2020,11/27/2020,TSLA,Tesla,Buy,-8,($10.00),($2.00),N
11/24/2020,11/24/2020,11/27/2020,ARKK,ARK Innovation ETF,Buy,-5,($3.00),($10.00),N
11/24/2020,11/24/2020,11/27/2020,HD,Home Depot,Buy,8,($5.00),($5.00),N
11/24/2020,11/24/2020,11/27/2020,BABA,Alibaba,Buy,0,$10.00 ,($5.00),N
11/23/2020,11/23/2020,11/25/2020,AMZN,Amazon,Buy,6,($7.00),($2.00),N
11/17/2020,11/17/2020,11/19/2020,ARKG,ARK Genomic Revolution ETF,Buy,7,$4.00 ,$7.00 ,N
11/12/2020,11/12/2020,11/16/2020,BYND,Beyond Meat,Buy,7,$3.00 ,$3.00 ,N
11/10/2020,11/10/2020,11/13/2020,ARKK,ARK Innovation ETF,Buy,9,$6.00 ,$7.00 ,N
11/10/2020,11/10/2020,11/13/2020,BYND,Beyond Meat,Buy,-6,$10.00 ,$5.00 ,N
10/30/2020,10/30/2020,10/30/2020,QQQ,Cash Div: R/D 2020-09-22 P/D 2020-10-30 - 5 shares at 0.38824,CDIV,-6,$0.00 ,($4.00),N
10/30/2020,10/30/2020,10/30/2020,,Interest Payment,INT,-4,($9.00),($1.00),N
10/30/2020,10/30/2020,11/3/2020,ARKG,ARK Genomic Revolution ETF,Buy,9,$4.00 ,$5.00 ,N
10/26/2020,10/26/2020,10/28/2020,RCL,Royal Caribbean Group,Buy,2,$6.00 ,($6.00),N
10/26/2020,10/26/2020,10/28/2020,CCL,Carnival,Buy,9,$9.00 ,($1.00),N
10/26/2020,10/26/2020,10/28/2020,ARKG,ARK Genomic Revolution ETF,Buy,-6,$8.00 ,$0.00 ,N
10/7/2020,10/7/2020,10/7/2020,,ACH Deposit,ACH,-3,$1.00 ,$6.00 ,N
9/30/2020,9/30/2020,9/30/2020,NOBL,Cash Div: R/D 2020-09-24 P/D 2020-09-30 - 7 shares at 0.415076,CDIV,-7,($1.00),$0.00 ,N
9/24/2020,9/24/2020,9/24/2020,VXUS,Cash Div: R/D 2020-09-22 P/D 2020-09-24 - 20 shares at 0.3385,CDIV,1,($8.00),$6.00 ,N
9/24/2020,9/24/2020,9/24/2020,SPYG,Cash Div: R/D 2020-09-22 P/D 2020-09-24 - 170 shares at 0.104899,CDIV,2,($10.00),$9.00 ,N
9/17/2020,9/17/2020,9/17/2020,HD,Cash Div: R/D 2020-09-03 P/D 2020-09-17 - 6 shares at 1.5,CDIV,8,($10.00),($3.00),N
9/10/2020,9/10/2020,9/10/2020,TGT,Cash Div: R/D 2020-08-19 P/D 2020-09-10 - 11 shares at 0.68,CDIV,5,$6.00 ,$0.00 ,N
9/10/2020,9/10/2020,9/10/2020,MSFT,Cash Div: R/D 2020-08-20 P/D 2020-09-10 - 2 shares at 0.51,CDIV,4,$1.00 ,$10.00 ,N
9/8/2020,9/8/2020,9/10/2020,TSLA,Tesla,Buy,8,($4.00),($2.00),N
9/8/2020,9/8/2020,9/10/2020,TSLA,Tesla,Buy,6,$2.00 ,$2.00 ,N
8/31/2020,8/31/2020,8/31/2020,--,Tesla,SPL,3,$2.00 ,($8.00),N
8/19/2020,8/19/2020,8/21/2020,AMZN,Amazon,Sell,10,$5.00 ,$2.00 ,N
8/5/2020,8/5/2020,8/7/2020,MSFT,Microsoft,Buy,9,($6.00),($8.00),N
8/5/2020,8/5/2020,8/7/2020,MSFT,Microsoft,Buy,-8,($5.00),$7.00 ,N
8/3/2020,8/3/2020,8/5/2020,TSLA,Tesla,Buy,9,$1.00 ,$5.00 ,N
8/3/2020,8/3/2020,8/5/2020,SQ,Block,Sell,7,($10.00),($3.00),N
7/31/2020,7/31/2020,7/31/2020,QQQ,Cash Div: R/D 2020-06-23 P/D 2020-07-31 - 5 shares at 0.42426,CDIV,-1,($5.00),$4.00 ,N
7/21/2020,7/21/2020,7/23/2020,TSLA,Tesla,Buy,-7,$4.00 ,($8.00),N
7/13/2020,7/13/2020,7/15/2020,SQ,Block,Buy,-3,$6.00 ,$8.00 ,N
7/10/2020,7/10/2020,7/14/2020,SQ,Block,Buy,-1,($5.00),($9.00),N
7/9/2020,7/9/2020,7/13/2020,SQ,Block,Sell,-8,$4.00 ,($5.00),N
7/8/2020,7/8/2020,7/10/2020,SQ,Block,Buy,1,($3.00),$10.00 ,N
7/6/2020,7/6/2020,7/8/2020,AMZN,Amazon,Buy,2,($9.00),($4.00),N
7/2/2020,7/2/2020,7/7/2020,TSLA,Tesla,Buy,0,($4.00),$4.00 ,N
7/2/2020,7/2/2020,7/7/2020,TSLA,Tesla,Buy,-10,($6.00),$6.00 ,N
7/1/2020,7/1/2020,7/1/2020,NOBL,Cash Div: R/D 2020-06-25 P/D 2020-07-01 - 7 shares at 0.413303,CDIV,7,($5.00),$9.00 ,N
6/30/2020,6/30/2020,7/2/2020,ARKG,ARK Genomic Revolution ETF,Buy,-4,($5.00),$10.00 ,N
6/25/2020,6/25/2020,6/25/2020,SPYG,Cash Div: R/D 2020-06-23 P/D 2020-06-25 - 170 shares at 0.124422,CDIV,-5,$3.00 ,$5.00 ,N
6/25/2020,6/25/2020,6/25/2020,VXUS,Cash Div: R/D 2020-06-23 P/D 2020-06-25 - 20 shares at 0.2521,CDIV,6,($1.00),$4.00 ,N
6/18/2020,6/18/2020,6/18/2020,HD,Cash Div: R/D 2020-06-04 P/D 2020-06-18 - 6 shares at 1.5,CDIV,9,$7.00 ,($8.00),N
6/10/2020,6/10/2020,6/10/2020,TGT,Cash Div: R/D 2020-05-20 P/D 2020-06-10 - 11 shares at 0.66,CDIV,-7,$6.00 ,$7.00 ,N
6/1/2020,6/1/2020,6/3/2020,BA,Boeing,Buy,2,($1.00),$1.00 ,N
5/13/2020,5/13/2020,5/15/2020,GOOG,Alphabet Class C,Buy,-9,($10.00),($1.00),N
5/13/2020,5/13/2020,5/15/2020,GOOG,Alphabet Class C,Buy,-7,$2.00 ,($1.00),N
5/6/2020,5/6/2020,5/6/2020,BABA,ADR Fee: R/D 2020-03-31 P/D 2020-05-06 - 15.000000 shares at 0.02,AFEE,-4,$7.00 ,$2.00 ,N
5/6/2020,5/6/2020,5/5/2020,BABA,REVERT: ADR Fee: R/D 2020-03-31 P/D 2020-05-05 - 15.000000 shares at 0.02,AFEE,-1,$3.00 ,$1.00 ,N
5/5/2020,5/5/2020,5/5/2020,BABA,ADR Fee: R/D 2020-03-31 P/D 2020-05-05 - 15.000000 shares at 0.02,AFEE,3,($4.00),$3.00 ,N
4/30/2020,4/30/2020,4/30/2020,QQQ,Cash Div: R/D 2020-03-24 P/D 2020-04-30 - 5 shares at 0.36269,CDIV,0,$2.00 ,($8.00),N
4/30/2020,4/30/2020,5/4/2020,TSLA,Tesla,Buy,-8,$1.00 ,$7.00 ,N
4/30/2020,4/30/2020,5/4/2020,TSLA,Tesla,Buy,-5,$9.00 ,($7.00),N
4/30/2020,4/30/2020,5/4/2020,GOOG,Alphabet Class C,Buy,5,$6.00 ,$5.00 ,N
4/30/2020,4/30/2020,5/4/2020,GOOG,Alphabet Class C,Buy,-8,($2.00),$1.00 ,N
4/7/2020,4/7/2020,4/9/2020,BABA,Alibaba,Buy,-1,$3.00 ,($2.00),N
4/7/2020,4/7/2020,4/9/2020,TGT,Target,Buy,-6,$1.00 ,$0.00 ,N
4/7/2020,4/7/2020,4/7/2020,,ACH Deposit,ACH,-5,$1.00 ,$1.00 ,N
4/6/2020,4/6/2020,4/6/2020,RCL,Cash Div: R/D 2020-03-06 P/D 2020-04-06 - 7 shares at 0.78,CDIV,4,$6.00 ,$7.00 ,N
4/3/2020,4/3/2020,4/7/2020,CCL,Carnival,Buy,-2,($1.00),$8.00 ,N
4/3/2020,4/3/2020,4/7/2020,RCL,Royal Caribbean Group,Buy,-5,$5.00 ,($6.00),N
4/3/2020,4/3/2020,4/7/2020,ARKG,ARK Genomic Revolution ETF,Buy,-8,($8.00),($2.00),N
4/2/2020,4/2/2020,4/6/2020,CCL,Carnival,Buy,7,($6.00),($4.00),N
4/2/2020,4/2/2020,4/6/2020,BA,Boeing,Buy,2,($3.00),$5.00 ,N
4/1/2020,4/1/2020,4/1/2020,NOBL,Cash Div: R/D 2020-03-26 P/D 2020-04-01 - 4 shares at 0.343763,CDIV,-10,($10.00),($4.00),N
4/1/2020,4/1/2020,4/3/2020,TSLA,Tesla,Sell,1,($5.00),$1.00 ,N
4/1/2020,4/1/2020,4/3/2020,VXUS,Vanguard Total International Stock ETF,Buy,-9,($7.00),($5.00),N
3/26/2020,3/26/2020,3/26/2020,SPYG,Cash Div: R/D 2020-03-24 P/D 2020-03-26 - 161 shares at 0.13588,CDIV,4,$5.00 ,$0.00 ,N
3/26/2020,3/26/2020,3/26/2020,HD,Cash Div: R/D 2020-03-12 P/D 2020-03-26 - 1 shares at 1.5,CDIV,-2,$3.00 ,($4.00),N
3/26/2020,3/26/2020,3/26/2020,VXUS,Cash Div: R/D 2020-03-24 P/D 2020-03-26 - 18 shares at 0.1058,CDIV,1,($2.00),$3.00 ,N
3/26/2020,3/26/2020,3/30/2020,BABA,Alibaba,Buy,7,$0.00 ,$4.00 ,N
3/26/2020,3/26/2020,3/30/2020,ANSS,ANSYS,Buy,5,$9.00 ,($3.00),N
3/26/2020,3/26/2020,3/30/2020,TGT,Target,Buy,-9,($8.00),$9.00 ,N
3/26/2020,3/26/2020,3/30/2020,NOBL,ProShares S&P 500 Dividend Aristocrats ETF,Buy,-10,($5.00),$8.00 ,N
3/24/2020,3/24/2020,3/26/2020,CCL,Carnival,Buy,0,($6.00),($3.00),N
3/24/2020,3/24/2020,3/26/2020,BABA,Alibaba,Buy,5,$8.00 ,$1.00 ,N
3/24/2020,3/24/2020,3/26/2020,SPYG,SPDR Portfolio S&P 500 Growth ETF,Buy,-1,($2.00),($4.00),N
3/24/2020,3/24/2020,3/26/2020,ANSS,ANSYS,Buy,-1,($7.00),($10.00),N
3/24/2020,3/24/2020,3/24/2020,,ACH Deposit,ACH,5,($9.00),$6.00 ,N
3/20/2020,3/20/2020,3/24/2020,BYND,Beyond Meat,Buy,-10,($3.00),($10.00),N
3/20/2020,3/20/2020,3/24/2020,DIS,Disney,Buy,6,($3.00),$10.00 ,N
3/20/2020,3/20/2020,3/24/2020,ANSS,ANSYS,Buy,8,($7.00),$3.00 ,N
3/20/2020,3/20/2020,3/24/2020,RCL,Royal Caribbean Group,Buy,7,$3.00 ,($6.00),N
3/19/2020,3/19/2020,3/23/2020,BABA,Alibaba,Buy,-5,$4.00 ,$2.00 ,N
3/19/2020,3/19/2020,3/23/2020,DIS,Disney,Buy,5,($2.00),$1.00 ,N
3/19/2020,3/19/2020,3/23/2020,BA,Boeing,Buy,7,($9.00),($3.00),N
3/19/2020,3/19/2020,3/23/2020,HD,Home Depot,Buy,1,$9.00 ,$0.00 ,N
3/18/2020,3/18/2020,3/20/2020,DIS,Disney,Buy,0,$4.00 ,$10.00 ,N
3/18/2020,3/18/2020,3/20/2020,RCL,Royal Caribbean Group,Buy,-5,($3.00),$0.00 ,N
3/18/2020,3/18/2020,3/20/2020,CCL,Carnival,Buy,-7,$2.00 ,($8.00),N
3/17/2020,3/17/2020,3/19/2020,HD,Home Depot,Buy,1,$3.00 ,($6.00),N
3/17/2020,3/17/2020,3/19/2020,BABA,Alibaba,Buy,-2,$0.00 ,$1.00 ,N
3/17/2020,3/17/2020,3/19/2020,TGT,Target,Buy,-1,($4.00),$10.00 ,N
3/17/2020,3/17/2020,3/19/2020,CCL,Carnival,Buy,5,($3.00),($6.00),N
3/17/2020,3/17/2020,3/19/2020,SPYG,SPDR Portfolio S&P 500 Growth ETF,Buy,-2,($10.00),$4.00 ,N
3/17/2020,3/17/2020,3/19/2020,TSLA,Tesla,Buy,5,($10.00),$7.00 ,N
3/17/2020,3/17/2020,3/17/2020,,ACH Deposit,ACH,-9,($8.00),($8.00),N
3/16/2020,3/16/2020,3/18/2020,ANSS,ANSYS,Buy,8,$4.00 ,($10.00),N
3/13/2020,3/13/2020,3/17/2020,BA,Boeing,Buy,-3,($3.00),($8.00),N
3/13/2020,3/13/2020,3/17/2020,DIS,Disney,Buy,-4,($4.00),($1.00),N
3/13/2020,3/13/2020,3/17/2020,SPYG,SPDR Portfolio S&P 500 Growth ETF,Buy,6,($2.00),($6.00),N
3/12/2020,3/12/2020,3/16/2020,SPYG,SPDR Portfolio S&P 500 Growth ETF,Buy,-8,$10.00 ,($5.00),N
3/12/2020,3/12/2020,3/16/2020,HD,Home Depot,Buy,7,$8.00 ,($2.00),N
3/12/2020,3/12/2020,3/16/2020,TGT,Target,Buy,10,$8.00 ,$2.00 ,N
3/12/2020,3/12/2020,3/16/2020,RCL,Royal Caribbean Group,Buy,2,($9.00),$4.00 ,N
3/12/2020,3/12/2020,3/16/2020,CCL,Carnival,Buy,-9,($1.00),$9.00 ,N
3/12/2020,3/12/2020,3/16/2020,CCL,Carnival,Buy,7,($9.00),$9.00 ,N
3/12/2020,3/12/2020,3/16/2020,DIS,Disney,Buy,7,$10.00 ,$4.00 ,N
3/12/2020,3/12/2020,3/16/2020,DIS,Disney,Buy,8,$0.00 ,$3.00 ,N
3/12/2020,3/12/2020,3/12/2020,,ACH Deposit,ACH,7,($2.00),($8.00),N
3/11/2020,3/11/2020,3/13/2020,DIS,Disney,Buy,-9,$6.00 ,($2.00),N
3/11/2020,3/11/2020,3/13/2020,VXUS,Vanguard Total International Stock ETF,Buy,0,$0.00 ,($3.00),N
3/11/2020,3/11/2020,3/13/2020,BA,Boeing,Buy,10,$9.00 ,$8.00 ,N
3/11/2020,3/11/2020,3/13/2020,CCL,Carnival,Buy,-9,($8.00),$10.00 ,N
3/11/2020,3/11/2020,3/13/2020,RCL,Royal Caribbean Group,Buy,-6,$2.00 ,$1.00 ,N
3/11/2020,3/11/2020,3/13/2020,DIS,Disney,Buy,7,$7.00 ,$0.00 ,N
3/11/2020,3/11/2020,3/13/2020,ANSS,ANSYS,Buy,2,($9.00),$5.00 ,N
3/11/2020,3/11/2020,3/13/2020,SPYG,SPDR Portfolio S&P 500 Growth ETF,Buy,9,$10.00 ,($6.00),N
3/11/2020,3/11/2020,3/13/2020,RCL,Royal Caribbean Group,Buy,5,($9.00),$4.00 ,N
3/11/2020,3/11/2020,3/13/2020,CCL,Carnival,Buy,10,$5.00 ,$8.00 ,N
3/10/2020,3/10/2020,3/10/2020,TGT,Cash Div: R/D 2020-02-19 P/D 2020-03-10 - 1 shares at 0.66,CDIV,3,$1.00 ,($6.00),N
3/10/2020,3/10/2020,3/12/2020,CCL,Carnival,Buy,6,$5.00 ,($6.00),N
3/10/2020,3/10/2020,3/12/2020,RCL,Royal Caribbean Group,Buy,6,$5.00 ,($6.00),N
3/10/2020,3/10/2020,3/12/2020,BA,Boeing,Buy,-1,($2.00),($7.00),N
3/10/2020,3/10/2020,3/12/2020,ANSS,ANSYS,Buy,-6,$9.00 ,($3.00),N
3/10/2020,3/10/2020,3/12/2020,SPYG,SPDR Portfolio S&P 500 Growth ETF,Buy,-10,$2.00 ,($3.00),N
3/10/2020,3/10/2020,3/12/2020,VXUS,Vanguard Total International Stock ETF,Buy,0,($7.00),$9.00 ,N
3/9/2020,3/9/2020,3/9/2020,,ACH Deposit,ACH,-1,$8.00 ,$2.00 ,N
3/6/2020,3/6/2020,3/6/2020,BA,Cash Div: R/D 2020-02-14 P/D 2020-03-06 - 7 shares at 2.055,CDIV,9,$6.00 ,($5.00),N
3/6/2020,3/6/2020,3/10/2020,TGT,Target,Buy,4,($3.00),$6.00 ,N
3/6/2020,3/6/2020,3/10/2020,ANSS,ANSYS,Buy,-7,$8.00 ,($2.00),N
3/6/2020,3/6/2020,3/10/2020,RCL,Royal Caribbean Group,Buy,10,($6.00),($7.00),N
3/6/2020,3/6/2020,3/10/2020,CCL,Carnival,Buy,-6,($2.00),($3.00),N
3/6/2020,3/6/2020,3/6/2020,,ACH Deposit,ACH,5,($4.00),$7.00 ,N
3/6/2020,3/6/2020,3/6/2020,,ACH Deposit,ACH,-8,($8.00),$4.00 ,N
3/4/2020,3/4/2020,3/6/2020,CCL,Carnival,Buy,-5,$9.00 ,$5.00 ,N
3/4/2020,3/4/2020,3/6/2020,TGT,Target,Buy,6,$1.00 ,$4.00 ,N
3/4/2020,3/4/2020,3/6/2020,RCL,Royal Caribbean Group,Buy,-9,($7.00),($8.00),N
3/4/2020,3/4/2020,3/6/2020,ANSS,ANSYS,Buy,4,$7.00 ,$9.00 ,N
3/4/2020,3/4/2020,3/6/2020,SPYG,SPDR Portfolio S&P 500 Growth ETF,Buy,-2,$9.00 ,$6.00 ,N
3/4/2020,3/4/2020,3/6/2020,NOBL,ProShares S&P 500 Dividend Aristocrats ETF,Buy,9,($9.00),$0.00 ,N
2/28/2020,2/28/2020,3/3/2020,HD,Home Depot,Buy,7,$10.00 ,($4.00),N
2/28/2020,2/28/2020,3/3/2020,RCL,Royal Caribbean Group,Buy,-2,$1.00 ,($2.00),N
2/28/2020,2/28/2020,2/28/2020,,ACH Deposit,ACH,7,$10.00 ,$2.00 ,N
2/27/2020,2/27/2020,3/2/2020,ANSS,ANSYS,Buy,0,($1.00),$8.00 ,N
2/27/2020,2/27/2020,3/2/2020,CCL,Carnival,Buy,-7,$1.00 ,$3.00 ,N
2/27/2020,2/27/2020,3/2/2020,RCL,Royal Caribbean Group,Buy,8,$5.00 ,$9.00 ,N
2/27/2020,2/27/2020,3/2/2020,CCL,Carnival,Buy,-7,($7.00),$1.00 ,N
2/27/2020,2/27/2020,3/2/2020,RCL,Royal Caribbean Group,Buy,8,$9.00 ,$9.00 ,N
2/27/2020,2/27/2020,3/2/2020,ANSS,ANSYS,Buy,-3,$8.00 ,$8.00 ,N
2/26/2020,2/26/2020,2/28/2020,CCL,Carnival,Buy,-2,$1.00 ,$3.00 ,N
2/26/2020,2/26/2020,2/28/2020,BA,Boeing,Buy,2,$8.00 ,$4.00 ,N
2/26/2020,2/26/2020,2/28/2020,ANSS,ANSYS,Buy,4,$4.00 ,($8.00),N
2/26/2020,2/26/2020,2/28/2020,RCL,Royal Caribbean Group,Buy,10,($9.00),$7.00 ,N
2/26/2020,2/26/2020,2/26/2020,,ACH Deposit,ACH,0,$2.00 ,($4.00),N
2/25/2020,2/25/2020,2/27/2020,CCL,Carnival,Buy,-7,($9.00),($4.00),N
2/25/2020,2/25/2020,2/27/2020,TGT,Target,Buy,10,($6.00),($5.00),N
2/25/2020,2/25/2020,2/27/2020,RCL,Royal Caribbean Group,Buy,2,($8.00),($9.00),N
2/21/2020,2/21/2020,2/25/2020,NIO,NIO,Sell,-2,($7.00),$8.00 ,N
2/21/2020,2/21/2020,2/25/2020,ANSS,ANSYS,Buy,-8,$1.00 ,$5.00 ,N
1/23/2020,1/23/2020,1/24/2020,NFLX,NFLX 2021-01-15 Put $130.00,STC,7,($7.00),$0.00 ,N
1/21/2020,1/21/2020,1/23/2020,BA,Boeing,Buy,10,$0.00 ,($6.00),N
1/15/2020,1/15/2020,1/17/2020,TGT,Target,Buy,1,($3.00),($4.00),N
1/3/2020,1/3/2020,1/7/2020,BYND,Beyond Meat,Buy,-2,($2.00),($8.00),N
1/3/2020,1/3/2020,1/7/2020,XONE,ExOne,Sell,-9,$1.00 ,$9.00 ,N
1/3/2020,1/3/2020,1/7/2020,ANSS,ANSYS,Buy,2,($5.00),$5.00 ,N
1/3/2020,1/3/2020,1/7/2020,MMM,3M,Sell,3,$6.00 ,$0.00 ,N
1/2/2020,1/2/2020,1/2/2020,NOBL,Cash Div: R/D 2019-12-26 P/D 2020-01-02 - 3 shares at 0.440285,CDIV,7,($3.00),$5.00 ,N
12/31/2019,12/31/2019,12/31/2019,QQQ,Cash Div: R/D 2019-12-24 P/D 2019-12-31 - 5 shares at 0.45765,CDIV,-9,$2.00 ,$8.00 ,N
12/27/2019,12/27/2019,12/27/2019,SPYG,Cash Div: R/D 2019-12-24 P/D 2019-12-27 - 125 shares at 0.16046,CDIV,-5,($2.00),($3.00),N
12/27/2019,12/27/2019,12/27/2019,VXUS,Cash Div: R/D 2019-12-24 P/D 2019-12-27 - 13 shares at 0.6281,CDIV,-3,$6.00 ,($7.00),N
12/26/2019,12/26/2019,12/30/2019,TROX,Tronox,Sell,3,$2.00 ,($10.00),N
12/23/2019,12/23/2019,12/23/2019,--,Received Stock Referral Reward for TROX,REC,7,$6.00 ,$5.00 ,N
12/17/2019,12/17/2019,12/19/2019,BA,Boeing,Buy,5,($10.00),$6.00 ,N
12/17/2019,12/17/2019,12/17/2019,NTDOY,Foreign Tax Witholding at $0.05,DTAX,-1,($4.00),($1.00),N
12/17/2019,12/17/2019,12/17/2019,NTDOY,Cash Div: R/D 2019-09-27 P/D 2019-12-17 - 1 shares at 0.308339,CDIV,2,$1.00 ,($4.00),N
12/17/2019,12/17/2019,12/17/2019,NTDOY,Sponsored ADR: Agency Processing Fee at $0.04,DFEE,4,($5.00),$2.00 ,N
12/12/2019,12/12/2019,12/12/2019,MMM,Cash Div: R/D 2019-11-22 P/D 2019-12-12 - 2 shares at 1.44,CDIV,10,$2.00 ,($2.00),N
12/6/2019,12/6/2019,12/6/2019,BA,Cash Div: R/D 2019-11-08 P/D 2019-12-06 - 5 shares at 2.055,CDIV,-10,$1.00 ,($7.00),N
12/2/2019,12/2/2019,12/4/2019,NIO,NIO,Sell,-3,($5.00),$6.00 ,N
12/2/2019,12/2/2019,12/4/2019,NIO,NIO,Sell,7,$1.00 ,($5.00),N
11/14/2019,11/14/2019,11/14/2019,,ACH Withdrawal,ACH,10,$8.00 ,($5.00),N
11/14/2019,11/14/2019,11/18/2019,TSLA,Tesla,Sell,1,$9.00 ,$10.00 ,N
11/6/2019,11/6/2019,11/6/2019,NIO,ADR Fee: R/D 2019-10-18 P/D 2019-11-05 - 70.000 shares at 0.02,AFEE,4,$6.00 ,($9.00),N
10/31/2019,10/31/2019,10/31/2019,QQQ,Cash Div: R/D 2019-09-24 P/D 2019-10-31 - 5 shares at 0.38415,CDIV,3,$2.00 ,$6.00 ,N
10/29/2019,10/29/2019,10/31/2019,TSLA,Tesla,Sell,2,$8.00 ,$0.00 ,N
10/25/2019,10/25/2019,10/28/2019,ANSS,ANSS 2020-04-17 Call $290.00,STC,4,$0.00 ,($8.00),N
10/24/2019,10/24/2019,10/28/2019,MMM,3M,Buy,7,$0.00 ,$5.00 ,N
10/23/2019,10/23/2019,10/24/2019,ANSS,ANSS 2020-04-17 Call $290.00,BTO,6,$8.00 ,($6.00),N
10/23/2019,10/23/2019,10/25/2019,NTDOY,Nintendo,Sell,0,($5.00),$8.00 ,N
10/22/2019,10/22/2019,10/24/2019,BA,Boeing,Buy,1,$7.00 ,($10.00),N
10/22/2019,10/22/2019,10/24/2019,XONE,ExOne,Buy,-3,$2.00 ,$3.00 ,N
10/11/2019,10/11/2019,10/16/2019,NIO,NIO,Buy,-5,($6.00),$4.00 ,N
10/3/2019,10/3/2019,10/7/2019,MMM,3M,Buy,5,$1.00 ,$6.00 ,N
10/2/2019,10/2/2019,10/2/2019,NOBL,Cash Div: R/D 2019-09-26 P/D 2019-10-02 - 3 shares at 0.363678,CDIV,-4,($7.00),$1.00 ,N
9/27/2019,9/27/2019,9/27/2019,VXUS,Cash Div: R/D 2019-09-25 P/D 2019-09-27 - 13 shares at 0.3004,CDIV,3,($9.00),($7.00),N
9/26/2019,9/26/2019,9/26/2019,SPYG,Cash Div: R/D 2019-09-24 P/D 2019-09-26 - 125 shares at 0.141984,CDIV,8,$5.00 ,$10.00 ,N
9/25/2019,9/25/2019,9/27/2019,BA,Boeing,Sell,10,($2.00),($4.00),N
9/20/2019,9/20/2019,9/24/2019,NTDOY,Nintendo,Sell,1,($1.00),$8.00 ,N
9/19/2019,9/19/2019,9/20/2019,NFLX,NFLX 2021-01-15 Put $130.00,BTO,7,$6.00 ,($9.00),N
9/6/2019,9/6/2019,9/6/2019,BA,Cash Div: R/D 2019-08-09 P/D 2019-09-06 - 5 shares at 2.055,CDIV,6,$7.00 ,($5.00),N
9/3/2019,9/3/2019,9/5/2019,XONE,ExOne,Sell,-4,($1.00),$4.00 ,N
8/26/2019,8/26/2019,8/28/2019,NIO,NIO,Buy,-6,$1.00 ,$6.00 ,N
8/26/2019,8/26/2019,8/28/2019,SPYG,SPDR Portfolio S&P 500 Growth ETF,Buy,-2,$8.00 ,($2.00),N
8/26/2019,8/26/2019,8/28/2019,NOBL,ProShares S&P 500 Dividend Aristocrats ETF,Buy,-1,($9.00),$9.00 ,N
8/15/2019,8/15/2019,8/19/2019,NIO,NIO,Buy,-6,($1.00),($6.00),N
8/15/2019,8/15/2019,8/19/2019,SPYG,SPDR Portfolio S&P 500 Growth ETF,Buy,2,($10.00),($8.00),N
8/15/2019,8/15/2019,8/19/2019,VXUS,Vanguard Total International Stock ETF,Buy,2,$2.00 ,$9.00 ,N
8/12/2019,8/12/2019,8/14/2019,BABA,Alibaba,Buy,9,$7.00 ,$5.00 ,N
8/9/2019,8/9/2019,8/13/2019,XONE,ExOne,Buy,-7,$0.00 ,$2.00 ,N
8/6/2019,8/6/2019,8/8/2019,BABA,Alibaba,Buy,7,$7.00 ,($2.00),N
8/6/2019,8/6/2019,8/8/2019,SPYG,SPDR Portfolio S&P 500 Growth ETF,Buy,8,($4.00),$0.00 ,N
8/6/2019,8/6/2019,8/8/2019,VXUS,Vanguard Total International Stock ETF,Buy,-9,$3.00 ,($7.00),N
8/6/2019,8/6/2019,8/8/2019,NOBL,ProShares S&P 500 Dividend Aristocrats ETF,Buy,7,($6.00),$9.00 ,N
8/2/2019,8/2/2019,8/6/2019,SPYG,SPDR Portfolio S&P 500 Growth ETF,Buy,-7,$3.00 ,$10.00 ,N
8/1/2019,8/1/2019,8/5/2019,SPYG,SPDR Portfolio S&P 500 Growth ETF,Buy,4,$2.00 ,($7.00),N
8/1/2019,8/1/2019,8/1/2019,,ACH Deposit,ACH,-3,($4.00),$1.00 ,N
7/31/2019,7/31/2019,7/31/2019,QQQ,Cash Div: R/D 2019-06-25 P/D 2019-07-31 - 5 shares at 0.41558,CDIV,6,$9.00 ,($8.00),N
7/29/2019,7/29/2019,7/31/2019,NOBL,ProShares S&P 500 Dividend Aristocrats ETF,Buy,6,$0.00 ,($2.00),N
7/15/2019,7/15/2019,7/15/2019,NTDOY,Cash Div: R/D 2019-03-29 P/D 2019-07-15 - 14 shares at 0.741633,CDIV,-4,($8.00),$4.00 ,N
7/15/2019,7/15/2019,7/15/2019,NTDOY,Foreign Tax Witholding at $1.59,DTAX,-6,$5.00 ,($4.00),N
7/15/2019,7/15/2019,7/15/2019,NTDOY,Sponsored ADR: Agency Processing Fee at $0.70,DFEE,0,($7.00),($9.00),N
7/12/2019,7/12/2019,7/16/2019,SPYG,SPDR Portfolio S&P 500 Growth ETF,Buy,-3,$3.00 ,$4.00 ,N
7/11/2019,7/11/2019,7/15/2019,SPYG,SPDR Portfolio S&P 500 Growth ETF,Buy,4,$1.00 ,$1.00 ,N
7/10/2019,7/10/2019,7/12/2019,NIO,NIO,Sell,1,$1.00 ,$7.00 ,N
7/9/2019,7/9/2019,7/11/2019,SPYG,SPDR Portfolio S&P 500 Growth ETF,Buy,7,($4.00),$7.00 ,N
7/8/2019,7/8/2019,7/10/2019,SPYG,SPDR Portfolio S&P 500 Growth ETF,Buy,9,$1.00 ,$3.00 ,N
7/5/2019,7/5/2019,7/9/2019,SPYG,SPDR Portfolio S&P 500 Growth ETF,Buy,1,$2.00 ,($10.00),N
7/3/2019,7/3/2019,7/3/2019,,ACH Deposit,ACH,-7,$6.00 ,($5.00),N
7/3/2019,7/3/2019,7/8/2019,VXUS,Vanguard Total International Stock ETF,Buy,-5,($8.00),$0.00 ,N
7/3/2019,7/3/2019,7/8/2019,SPYG,SPDR Portfolio S&P 500 Growth ETF,Buy,8,($8.00),($4.00),N
7/2/2019,7/2/2019,7/5/2019,NTDOY,Nintendo,Sell,-2,$2.00 ,$9.00 ,N
6/28/2019,6/28/2019,7/2/2019,SPYG,SPDR Portfolio S&P 500 Growth ETF,Buy,7,$7.00 ,($1.00),N
6/27/2019,6/27/2019,6/27/2019,SPYG,Cash Div: R/D 2019-06-25 P/D 2019-06-27 - 108 shares at 0.148497,CDIV,-1,($2.00),($6.00),N
6/26/2019,6/26/2019,6/28/2019,NTDOY,Nintendo,Sell,-4,($4.00),$10.00 ,N
6/26/2019,6/26/2019,6/26/2019,VXUS,Cash Div: R/D 2019-06-24 P/D 2019-06-26 - 10 shares at 0.6106,CDIV,10,$6.00 ,$10.00 ,N
6/21/2019,6/21/2019,6/25/2019,NIO,NIO,Buy,-9,$7.00 ,$3.00 ,N
6/21/2019,6/21/2019,6/25/2019,SPYG,SPDR Portfolio S&P 500 Growth ETF,Buy,9,($6.00),$8.00 ,N
6/20/2019,6/20/2019,6/24/2019,SPYG,SPDR Portfolio S&P 500 Growth ETF,Buy,3,($2.00),$4.00 ,N
6/20/2019,6/20/2019,6/24/2019,MMM,3M,Sell,-6,$7.00 ,$5.00 ,N
6/19/2019,6/19/2019,6/21/2019,MMM,3M,Buy,10,($2.00),$4.00 ,N
6/7/2019,6/7/2019,6/7/2019,BA,Cash Div: R/D 2019-05-10 P/D 2019-06-07 - 4 shares at 2.055,CDIV,2,($1.00),$7.00 ,N
5/31/2019,5/31/2019,6/4/2019,SPYG,SPDR Portfolio S&P 500 Growth ETF,Buy,3,$10.00 ,$8.00 ,N
5/30/2019,5/30/2019,6/3/2019,VXUS,Vanguard Total International Stock ETF,Buy,2,($1.00),$10.00 ,N
5/30/2019,5/30/2019,5/30/2019,BABA,ADR Fee: R/D 2019-03-29 P/D 2019-05-29 - 8.000 shares at 0.02,AFEE,-5,($7.00),$10.00 ,N
5/22/2019,5/22/2019,5/24/2019,VXUS,Vanguard Total International Stock ETF,Buy,-8,$6.00 ,($9.00),N
5/22/2019,5/22/2019,5/24/2019,BABA,Alibaba,Buy,-7,$3.00 ,($3.00),N
5/20/2019,5/20/2019,5/22/2019,QQQ,Invesco QQQ,Buy,-4,$1.00 ,($8.00),N
5/20/2019,5/20/2019,5/22/2019,TSLA,Tesla,Buy,-1,$3.00 ,$2.00 ,N
5/20/2019,5/20/2019,5/20/2019,,ACH Deposit,ACH,10,($9.00),($4.00),N
5/15/2019,5/15/2019,5/17/2019,BA,Boeing,Buy,7,($4.00),$2.00 ,N
5/15/2019,5/15/2019,5/15/2019,,ACH Deposit,ACH,4,($9.00),$4.00 ,N
5/13/2019,5/13/2019,5/15/2019,SPYG,SPDR Portfolio S&P 500 Growth ETF,Buy,-7,($3.00),$1.00 ,N
5/13/2019,5/13/2019,5/15/2019,VXUS,Vanguard Total International Stock ETF,Buy,6,$8.00 ,($4.00),N
5/13/2019,5/13/2019,5/15/2019,QQQ,Invesco QQQ,Buy,-1,($8.00),$7.00 ,N
5/13/2019,5/13/2019,5/15/2019,SPYG,SPDR Portfolio S&P 500 Growth ETF,Buy,6,$8.00 ,$2.00 ,N
5/10/2019,5/10/2019,5/14/2019,SPYG,SPDR Portfolio S&P 500 Growth ETF,Buy,8,$5.00 ,($9.00),N
5/9/2019,5/9/2019,5/13/2019,SPYG,SPDR Portfolio S&P 500 Growth ETF,Buy,10,($8.00),$0.00 ,N
5/9/2019,5/9/2019,5/13/2019,VXUS,Vanguard Total International Stock ETF,Buy,2,$3.00 ,$0.00 ,N
5/9/2019,5/9/2019,5/13/2019,SPYG,SPDR Portfolio S&P 500 Growth ETF,Buy,10,$0.00 ,$6.00 ,N
5/9/2019,5/9/2019,5/13/2019,QQQ,Invesco QQQ,Buy,3,($2.00),($7.00),N
5/6/2019,5/6/2019,5/8/2019,SPYG,SPDR Portfolio S&P 500 Growth ETF,Buy,0,($5.00),($4.00),N
5/2/2019,5/2/2019,5/6/2019,SPYG,SPDR Portfolio S&P 500 Growth ETF,Buy,-7,$10.00 ,$8.00 ,N
5/2/2019,5/2/2019,5/6/2019,GS,Goldman Sachs,Sell,-2,($7.00),$3.00 ,N
4/30/2019,4/30/2019,5/2/2019,QQQ,Invesco QQQ,Buy,7,$0.00 ,($8.00),N
4/30/2019,4/30/2019,5/2/2019,META,Meta Platforms,Sell,1,$6.00 ,$4.00 ,N
4/25/2019,4/25/2019,4/29/2019,VXUS,Vanguard Total International Stock ETF,Buy,-7,($9.00),$1.00 ,N
4/24/2019,4/24/2019,4/26/2019,META,Meta Platforms,Sell,8,$10.00 ,$8.00 ,N
4/24/2019,4/24/2019,4/26/2019,META,Meta Platforms,Sell,4,($9.00),$9.00 ,N
4/24/2019,4/24/2019,4/26/2019,SPYG,SPDR Portfolio S&P 500 Growth ETF,Buy,-5,$6.00 ,($7.00),N
4/23/2019,4/23/2019,4/25/2019,TSLA,Tesla,Buy,-7,$1.00 ,$10.00 ,N
4/15/2019,4/15/2019,4/17/2019,SPYG,SPDR Portfolio S&P 500 Growth ETF,Buy,9,$8.00 ,($9.00),N
4/15/2019,4/15/2019,4/17/2019,MODG,Topgolf Callaway Brands,Sell,8,($6.00),$10.00 ,N
4/12/2019,4/12/2019,4/16/2019,GS,Goldman Sachs,Sell,10,$4.00 ,($9.00),N
4/10/2019,4/10/2019,4/12/2019,SPYG,SPDR Portfolio S&P 500 Growth ETF,Buy,3,($4.00),($9.00),N
4/10/2019,4/10/2019,4/10/2019,,ACH Deposit,ACH,-2,$4.00 ,$2.00 ,N
4/9/2019,4/9/2019,4/11/2019,META,Meta Platforms,Sell,-8,($9.00),$7.00 ,N
4/4/2019,4/4/2019,4/8/2019,TSLA,Tesla,Buy,9,($4.00),$6.00 ,N
4/3/2019,4/3/2019,4/5/2019,MODG,Topgolf Callaway Brands,Buy,-3,$3.00 ,$6.00 ,N
4/3/2019,4/3/2019,4/5/2019,META,Meta Platforms,Sell,10,$4.00 ,($4.00),N
4/2/2019,4/2/2019,4/4/2019,META,Meta Platforms,Sell,-10,$3.00 ,$1.00 ,N
3/28/2019,3/28/2019,3/28/2019,VXUS,Cash Div: R/D 2019-03-26 P/D 2019-03-28 - 3 shares at 0.1656,CDIV,-6,$3.00 ,$5.00 ,N
3/28/2019,3/28/2019,3/28/2019,GS,Cash Div: R/D 2019-02-28 P/D 2019-03-28 - 7 shares at 0.8,CDIV,-7,($4.00),$5.00 ,N
3/26/2019,3/26/2019,3/28/2019,NIO,NIO,Buy,4,($9.00),$9.00 ,N
3/25/2019,3/25/2019,3/27/2019,DHI,D. R. Horton,Sell,0,($10.00),$7.00 ,N
3/22/2019,3/22/2019,3/26/2019,SPYG,SPDR Portfolio S&P 500 Growth ETF,Buy,-2,($9.00),$6.00 ,N
3/21/2019,3/21/2019,3/25/2019,VXUS,Vanguard Total International Stock ETF,Buy,-4,($6.00),$6.00 ,N
3/21/2019,3/21/2019,3/21/2019,SPYG,Cash Div: R/D 2019-03-19 P/D 2019-03-21 - 42 shares at 0.122267,CDIV,10,$6.00 ,($6.00),N
3/20/2019,3/20/2019,3/22/2019,TSLA,Tesla,Buy,-2,$0.00 ,($7.00),N
3/15/2019,3/15/2019,3/19/2019,AAPL,Apple,Sell,-3,($7.00),($4.00),N
3/11/2019,3/11/2019,3/13/2019,BA,Boeing,Buy,9,$6.00 ,$4.00 ,N
3/8/2019,3/8/2019,3/8/2019,,ACH Deposit,ACH,2,$2.00 ,$6.00 ,N
3/7/2019,3/7/2019,3/7/2019,MODG,Cash Div: R/D 2019-02-14 P/D 2019-03-07 - 20 shares at 0.01,CDIV,6,($7.00),($1.00),N
3/5/2019,3/5/2019,3/7/2019,TSLA,Tesla,Buy,-7,($6.00),($6.00),N
3/1/2019,3/1/2019,3/1/2019,BA,Cash Div: R/D 2019-02-08 P/D 2019-03-01 - 3 shares at 2.055,CDIV,-1,$8.00 ,$0.00 ,N
2/27/2019,2/27/2019,3/1/2019,VXUS,Vanguard Total International Stock ETF,Buy,-6,($6.00),($9.00),N
2/26/2019,2/26/2019,2/28/2019,TSLA,Tesla,Buy,-6,$6.00 ,($7.00),N
2/25/2019,2/25/2019,2/25/2019,,ACH Deposit,ACH,6,($8.00),($2.00),N
2/25/2019,2/25/2019,2/25/2019,DHI,Cash Div: R/D 2019-02-11 P/D 2019-02-25 - 7 shares at 0.15,CDIV,9,($9.00),($1.00),N
2/20/2019,2/20/2019,2/22/2019,META,Meta Platforms,Buy,1,($5.00),$6.00 ,N
2/20/2019,2/20/2019,2/22/2019,GS,Goldman Sachs,Buy,10,$2.00 ,$2.00 ,N
2/20/2019,2/20/2019,2/20/2019,,ACH Deposit,ACH,1,($6.00),$2.00 ,N
2/14/2019,2/14/2019,2/14/2019,AAPL,Cash Div: R/D 2019-02-11 P/D 2019-02-14 - 6 shares at 0.73,CDIV,2,($5.00),($4.00),N
2/12/2019,2/12/2019,2/14/2019,NTDOY,Nintendo,Buy,4,$3.00 ,$10.00 ,N
2/12/2019,2/12/2019,2/12/2019,,ACH Deposit,ACH,5,$4.00 ,$7.00 ,N
2/6/2019,2/6/2019,2/8/2019,MODG,Topgolf Callaway Brands,Buy,-5,($4.00),($7.00),N
2/6/2019,2/6/2019,2/8/2019,NTDOY,Nintendo,Buy,-6,$0.00 ,($4.00),N
2/4/2019,2/4/2019,2/4/2019,,ACH Deposit,ACH,0,($5.00),($3.00),N
2/1/2019,2/1/2019,2/5/2019,NTDOY,Nintendo,Buy,10,($9.00),$10.00 ,N
1/29/2019,1/29/2019,1/31/2019,TSLA,Tesla,Buy,1,$6.00 ,$7.00 ,N
1/29/2019,1/29/2019,1/31/2019,SPYG,SPDR Portfolio S&P 500 Growth ETF,Sell,-10,($6.00),($1.00),N
1/29/2019,1/29/2019,1/29/2019,,ACH Deposit,ACH,7,$1.00 ,($1.00),N
1/29/2019,1/29/2019,1/29/2019,,ACH Deposit,ACH,4,$0.00 ,($1.00),N
1/28/2019,1/28/2019,1/30/2019,MODG,Topgolf Callaway Brands,Buy,-9,($8.00),$6.00 ,N
1/28/2019,1/28/2019,1/30/2019,BABA,Alibaba,Buy,9,($8.00),$10.00 ,N
1/28/2019,1/28/2019,1/30/2019,SPYG,SPDR Portfolio S&P 500 Growth ETF,Buy,5,($5.00),$8.00 ,N
1/28/2019,1/28/2019,1/30/2019,META,Meta Platforms,Buy,10,$2.00 ,($1.00),N
1/28/2019,1/28/2019,1/30/2019,AAPL,Apple,Buy,5,$4.00 ,$4.00 ,N
1/28/2019,1/28/2019,1/28/2019,,ACH Deposit,ACH,-7,($4.00),($5.00),N
12/31/2018,12/31/2018,1/3/2019,NTDOY,Nintendo,Buy,-1,$8.00 ,$8.00 ,N
12/31/2018,12/31/2018,1/3/2019,DHI,D. R. Horton,Sell,-5,($3.00),$2.00 ,N
12/28/2018,12/28/2018,12/28/2018,SPYG,Cash Div: R/D 2018-12-26 P/D 2018-12-28 - 37 shares at 0.135812,CDIV,-1,($1.00),($3.00),N
12/28/2018,12/28/2018,12/28/2018,GS,Cash Div: R/D 2018-11-30 P/D 2018-12-28 - 4 shares at 0.8,CDIV,-9,($10.00),$8.00 ,N
12/26/2018,12/26/2018,12/28/2018,NTDOY,Nintendo,Buy,-1,$8.00 ,($7.00),N
12/26/2018,12/26/2018,12/26/2018,,ACH Deposit,ACH,5,($7.00),$6.00 ,N
12/21/2018,12/21/2018,12/26/2018,SPYG,SPDR Portfolio S&P 500 Growth ETF,Buy,6,$5.00 ,($10.00),N
12/21/2018,12/21/2018,12/26/2018,MODG,Topgolf Callaway Brands,Buy,7,$1.00 ,($1.00),N
12/21/2018,12/21/2018,12/26/2018,GS,Goldman Sachs,Buy,-10,($4.00),$9.00 ,N
12/21/2018,12/21/2018,12/26/2018,AAPL,Apple,Buy,7,($9.00),($6.00),N
12/21/2018,12/21/2018,12/21/2018,,ACH Deposit,ACH,0,$7.00 ,$8.00 ,N
12/12/2018,12/12/2018,12/12/2018,MODG,Cash Div: R/D 2018-11-21 P/D 2018-12-12 - 5 shares at 0.01,CDIV,-8,$6.00 ,($7.00),N
12/10/2018,12/10/2018,12/7/2018,,CDIV BA P: 12/7/2018 R: 11/9/2018,T/A,-1,$2.00 ,($9.00),N
12/10/2018,12/10/2018,12/10/2018,DHI,Cash Div: R/D 2018-11-26 P/D 2018-12-10 - 10 shares at 0.15,CDIV,2,$3.00 ,($7.00),N
12/6/2018,12/6/2018,12/10/2018,SPYG,SPDR Portfolio S&P 500 Growth ETF,Buy,6,$3.00 ,$4.00 ,N
12/4/2018,12/4/2018,12/6/2018,GS,Goldman Sachs,Buy,-7,($6.00),$9.00 ,N
12/4/2018,12/4/2018,12/4/2018,,ACH Deposit,ACH,-4,$2.00 ,$2.00 ,N
11/26/2018,11/26/2018,11/28/2018,SPYG,SPDR Portfolio S&P 500 Growth ETF,Buy,-10,$7.00 ,($5.00),N
11/26/2018,11/26/2018,11/26/2018,,ACH Deposit,ACH,-5,($3.00),$10.00 ,N
11/19/2018,11/19/2018,11/15/2018,AAPL,Cash Div: R/D 2018-11-12 P/D 2018-11-15 - 4 shares at 0.73,CDIV,-1,($6.00),($1.00),N
11/12/2018,11/12/2018,11/12/2018,--,Meta Platforms,CONV,-1,$3.00 ,($1.00),N
11/12/2018,11/12/2018,11/12/2018,--,SPDR Portfolio S&P 500 Growth ETF,CONV,0,($9.00),($2.00),N
11/12/2018,11/12/2018,11/12/2018,--,D. R. Horton,CONV,-3,$6.00 ,($10.00),N
11/12/2018,11/12/2018,11/12/2018,--,Tesla,CONV,-10,($8.00),($7.00),N
11/12/2018,11/12/2018,11/12/2018,--,Topgolf Callaway Brands,CONV,-2,($10.00),$7.00 ,N
11/12/2018,11/12/2018,11/12/2018,,Apex to RHS Conversion,CONV,-2,$8.00 ,$7.00 ,N
11/12/2018,11/12/2018,11/12/2018,--,Apple,CONV,-10,$7.00 ,$2.00 ,N
11/12/2018,11/12/2018,11/12/2018,--,Boeing,CONV,0,$7.00 ,($10.00),N
11/12/2018,11/12/2018,11/12/2018,--,Goldman Sachs,CONV,1,($10.00),$8.00 ,N
11/12/2018,11/12/2018,11/12/2018,--,Alibaba,CONV,-3,$0.00 ,$5.00 ,N
"Robinhood does not provide tax or legal advice. Please consult your tax advisor for questions regarding your specific tax situation. This information is provided as a courtesy for informational purposes only. It represents a snapshot in time and is not intended to be a comprehensive representation of account activity for tax or reporting purposes. Your brokerage account is with Robinhood Financial LLC and allows trading of equities and options, while digital assets trading is done through an account with Robinhood Crypto, LLC. Digital assets are not stocks and Robinhood Crypto is not a member of FINRA or the SIPC. Your digital asset investments are not covered by either FDIC or SIPC insurance. Report generated: 09/22/2023, 12:00:03 PM EDT",,,,,,,,,
,,,,,,525.049028,,,
